Homo sapiens	Human	Humain
Pan troglodytes	Chimpanzee	Chimpanzé commun
Gorilla gorilla	Western gorilla	Gorille de l’Ouest
Mus musculus	House mouse	Souris domestique
Oryctolagus cuniculus	European rabbit	Lapin de garenne
Felis catus	Domestic cat	Chat domestique
Canis lupus	Grey wolf	Loup gris
Ursus maritimus	Polar bear	Ours polaire
Phoca vitulina	Harbour seal	Phoque commun
Equus caballus	Horse	Cheval
Bos taurus	Cattle	Bœuf domestique
Sus scrofa	Wild boar	Sanglier
Hippopotamus amphibius	Hippopotamus	Hippopotame amphibie
Tursiops truncatus	Bottlenose dolphin	Grand dauphin
Balaenoptera musculus	Blue whale	Baleine bleue
Loxodonta africana	African bush elephant	Éléphant de savane d’Afrique
Pteropus vampyrus	Large flying fox	Roussette de Malaisie
Myotis myotis	Greater mouse-eared bat	Grand murin
Osphranter rufus	Red kangaroo	Kangourou roux
Ornithorhynchus anatinus	Platypus	Ornithorynque
Gallus gallus	Red junglefowl	Coq bankiva
Columba livia	Rock dove	Pigeon biset
Struthio camelus	Common ostrich	Autruche d’Afrique
Aptenodytes forsteri	Emperor penguin	Manchot empereur
Anas platyrhynchos	Mallard	Canard colvert
Corvus corax	Common raven	Grand corbeau
Crocodylus niloticus	Nile crocodile	Crocodile du Nil
Alligator mississippiensis	American alligator	Alligator d’Amérique
Chelonia mydas	Green sea turtle	Tortue verte
Testudo hermanni	Hermann’s tortoise	Tortue d’Hermann
Lacerta agilis	Sand lizard	Lézard des souches
Python regius	Ball python	Python royal
Sphenodon punctatus	Tuatara	Sphénodon
Rana temporaria	Common frog	Grenouille rousse
Ambystoma mexicanum	Axolotl	Axolotl
Latimeria chalumnae	West Indian Ocean coelacanth	Cœlacanthe africain
Danio rerio	Zebrafish	Poisson-zèbre
Salmo salar	Atlantic salmon	Saumon atlantique
Hippocampus hippocampus	Short-snouted seahorse	Hippocampe à museau court
Carcharodon carcharias	Great white shark	Grand requin blanc
Petromyzon marinus	Sea lamprey	Lamproie marine
Apis mellifera	Western honey bee	Abeille mellifère
Bombus terrestris	Buff-tailed bumblebee	Bourdon terrestre
Drosophila melanogaster	Common fruit fly	Drosophile
Danaus plexippus	Monarch butterfly	Monarque
Vanessa atalanta	Red admiral	Vulcain
Anax imperator	Emperor dragonfly	Anax empereur
Coccinella septempunctata	Seven-spot ladybird	Coccinelle à sept points
Lasius niger	Black garden ant	Fourmi noire des jardins
Gryllus campestris	Field cricket	Grillon champêtre
Carausius morosus	Indian stick insect	Phasme morose
Araneus diadematus	Cross orbweaver	Épeire diadème
Ixodes ricinus	Castor bean tick	Tique du mouton
Limulus polyphemus	Atlantic horseshoe crab	Limule atlantique
Homarus gammarus	European lobster	Homard européen
Carcinus maenas	European green crab	Crabe vert
Daphnia magna	Water flea	Grande daphnie
Octopus vulgaris	Common octopus	Poulpe commun
Sepia officinalis	Common cuttlefish	Seiche commune
Littorina littorea	Common periwinkle	Bigorneau commun
Mytilus edulis	Blue mussel	Moule commune
Lumbricus terrestris	Common earthworm	Lombric terrestre
Caenorhabditis elegans	C. elegans nematode	Nématode C. elegans
Asterias rubens	Common starfish	Étoile de mer commune
Strongylocentrotus purpuratus	Purple sea urchin	Oursin pourpre
Aurelia aurita	Moon jellyfish	Aurélie
Hydra vulgaris	Freshwater hydra	Hydre commune
Amphimedon queenslandica	Queensland sponge	Éponge du Queensland
Arabidopsis thaliana	Thale cress	Arabette des dames
Quercus robur	English oak	Chêne pédonculé
Helianthus annuus	Sunflower	Tournesol
Pisum sativum	Pea	Pois cultivé
Oryza sativa	Rice	Riz cultivé
Zea mays	Maize	Maïs
Triticum aestivum	Bread wheat	Blé tendre
Pinus sylvestris	Scots pine	Pin sylvestre
Ginkgo biloba	Ginkgo	Ginkgo
Pteridium aquilinum	Bracken	Fougère aigle
Marchantia polymorpha	Common liverwort	Marchantie polymorphe
Chlamydomonas reinhardtii	Chlamydomonas	Chlamydomonas
Volvox carteri	Volvox	Volvox
Saccharomyces cerevisiae	Baker’s yeast	Levure de boulanger
Schizosaccharomyces pombe	Fission yeast	Levure à fission
Agaricus bisporus	Button mushroom	Champignon de Paris
Amanita muscaria	Fly agaric	Amanite tue-mouches
Neurospora crassa	Red bread mould	Moisissure rouge du pain
Dictyostelium discoideum	Social amoeba	Amibe sociale
Paramecium tetraurelia	Paramecium	Paramécie
Tetrahymena thermophila	Tetrahymena	Tétrahyména
Euglena gracilis	Euglena	Euglène
Thalassiosira pseudonana	Marine diatom	Diatomée marine
Escherichia coli	E. coli bacterium	Bactérie E. coli
Bacillus subtilis	Hay bacillus	Bacille subtil
Streptomyces coelicolor	Streptomyces	Streptomyces
Nostoc commune	Nostoc cyanobacterium	Cyanobactérie Nostoc
Deinococcus radiodurans	Deinococcus	Deinococcus
Halobacterium salinarum	Salt-loving archaeon	Archée des milieux salés
Methanobrevibacter smithii	Methanogenic archaeon	Archée méthanogène
Sulfolobus acidocaldarius	Thermoacidophilic archaeon	Archée thermoacidophile
Pyrococcus furiosus	Hyperthermophilic archaeon	Archée hyperthermophile
Abarema obovalis	Abarema obovalis	Abarema obovalis
Abarema turbinata	Abarema turbinata	Abarema turbinata
Abelmoschus esculentus	Abelmoschus esculentus	gombo
Abies nordmanniana	Abies nordmanniana	Sapin de Nordmann
Abies yuanbaoshanensis	Abies yuanbaoshanensis	Abies yuanbaoshanensis
Acacia anegadensis	Acacia anegadensis	Acacia anegadensis
Acacia mathuataensis	Acacia mathuataensis	Acacia mathuataensis
Acanthaster planci	Acanthaster planci	Acanthaster planci
Acanthoscurria geniculata	Brazilian whiteknee tarantula	Acanthoscurria geniculata
Acanthurus leucosternon	Acanthurus leucosternon	Acanthurus leucosternon
Acaronia vultuosa	Acaronia vultuosa	Acaronia vultuosa
Acasis viretata	Acasis viretata	Acasis viretata
Acaulon muticum	Acaulon muticum	Acaulon muticum
Accipiter gentilis	Accipiter gentilis	Autour des palombes
Accipiter meyerianus	Accipiter meyerianus	Autour de Meyer
Accipiter minullus	Accipiter minullus	Épervier minule
Accipiter nisus	Eurasian Sparrowhawk	Épervier d'Europe
Accipiter ovampensis	Accipiter ovampensis	Épervier des Ovampos
Accipiter soloensis	Chinese Sparrowhawk	Épervier de Horsfield
Accipiter tachiro	African Goshawk	Autour tachiro
Acer japonicum	Acer japonicum	érable du Japon
Acer platanoides	Acer platanoides	érable plane
Acer pseudoplatanus	Acer pseudoplatanus	érable sycomore
Acheta domesticus	Acheta domestica	Acheta domesticus
Achillea millefolium	Achillea millefolium	Achillée millefeuille
Acicula fusca	Acicula fusca	Acicula fusca
Acinonyx jubatus	cheetah	guépard
Acoelorraphe wrightii	Acoelorraphe wrightii	Acoelorraphe wrightii
Actias luna	Actias luna	Actias luna
Actias selene	Actias selene	Actias selene
Actinidia kolomikta	Actinidia kolomikta	Kiwi arctique
Actitis hypoleucos	Common Sandpiper	Chevalier guignette
Adansonia perrieri	Adansonia perrieri	Adansonia perrieri
Adansonia suarezensis	Adansonia suarezensis	Adansonia suarezensis
Adela reaumurella	Green Longhorn	Adela reaumurella
Adelphobates quinquevittatus	Adelphobates quinquevittatus	Adelphobates quinquevittatus
Adoxa moschatellina	Adoxa moschatellina	Adoxa moschatellina
Aedes vexans	Aedes vexans	Aedes vexans
Aegagropila linnaei	Marimo	Aegagropila linnaei
Aegithina tiphia	Common Iora	Petit Iora
Aeonium ciliatum	Aeonium ciliatum	Aeonium ciliatum
Aepus marinus	Aepus marinus	Aepus marinus
Aequidens diadema	Aequidens diadema	Aequidens diadema
Aequidens potaroensis	Aequidens potaroensis	Aequidens potaroensis
Aequorea victoria	Medusa T Pasas de Verga	Aequorea victoria
Aerodramus bartschi	Mariana Swiftlet	Salangane de Guam
Aerodramus francicus	Mascarene swiftlet	Salangane des Mascareignes
Aerodramus fuciphagus	Edible-nest Swiftlet	Salangane à nid blanc
Aerodramus germani	German's Swiftlet	Salangane de German
Aerodramus hirundinaceus	Mountain Swiftlet	Salangane de montagne
Aerodramus infuscatus	Moluccan Swiftlet	Salangane des Moluques
Aerodramus maximus	Black-nest Swiftlet	Salangane à nid noir
Aerodramus nuditarsus	Bare-legged Swiftlet	Salangane de Salomonsen
Aerodramus ocistus	Marquesan swiftlet	Salangane des Marquises
Aerodramus orientalis	Mayr's Swiftlet	Salangane de Mayr
Aerodramus papuensis	Three-toed Swiftlet	Salangane papoue
Aerodramus pelewensis	Palau Swiftlet	Salangane des Palau
Aerodramus sawtelli	Atiu Swiftlet	Salangane de Cook
Aerodramus terraereginae	Australian Swiftlet	Salangane d'Australie
Aethalura punctulata	Aethalura punctulata	Aethalura punctulata
Afzelia africana	Afzelia africana	Afzelia africana
Agapeta hamana	Agapeta hamana	Tordeuse du rosier
Agaricus pilatianus	Agaricus pilatianus	Agaricus pilatianus
Agathidium rumsfeldi	Agathidium rumsfeldi	Agathidium rumsfeldi
Agathis robusta	Agathis robusta	Agathis robusta
Agave deserti	Agave deserti	Agave deserti
Agave filifera	Agave filifera	Agave filifera
Agave fourcroydes	Agave fourcroydes	Agave fourcroydes
Agave shawii	Agave shawii	Agave shawii
Agave victoriae-reginae	Agave victoriae-reginae	Agave victoriae-reginae
Aglaia amplexicaulis	Aglaia amplexicaulis	Aglaia amplexicaulis
Aglaia archboldiana	Aglaia archboldiana	Aglaia archboldiana
Aglaia basiphylla	Aglaia basiphylla	Aglaia basiphylla
Aglaia evansensis	Aglaia evansensis	Aglaia evansensis
Aglaia fragilis	Aglaia fragilis	Aglaia fragilis
Aglaia gracilis	Aglaia gracilis	Aglaia gracilis
Aglaia saltatorum	Aglaia saltatorum	Aglaia saltatorum
Aglaia unifolia	Aglaia unifolia	Aglaia unifolia
Agrimonia eupatoria	Agrimonia eupatoria	Agrimonia eupatoria
Agriopis marginaria	Dotted Border	Agriopis marginaria
Agrostis gigantea	Agrostis gigantea	Agrostis gigantea
Ailuropoda melanoleuca	Giant panda	panda géant
Ajuga reptans	Ajuga reptans	Bugle rampante
Alauda arvensis	Eurasian Skylark	Alouette des champs
Alca torda	Razorbill	Petit Pingouin
Alcea rosea	Alcea rosea	Alcea rosea
Alcedo atthis	Common Kingfisher	Martin-pêcheur d'Europe
Alcedo coerulescens	Cerulean Kingfisher	Martin-pêcheur aigue-marine
Alcedo meninting	Blue-eared Kingfisher	Martin-pêcheur méninting
Alces alces	moose	élan
Alisma plantago-aquatica	Alisma plantago-aquatica	Alisma plantago-aquatica
Alle alle	Little Auk	Mergule nain
Allenopithecus nigroviridis	Allen's swamp monkey	Cercopithèque noir et vert
Allium ampeloprasum	Allium ampeloprasum	poireau perpétuel
Allium cepa	onion	Oignon
Allium fistulosum	Welsh onion	ciboule
Allium macrostemon	Allium macrostemon	Allium macrostemon
Allium sativum	Allium sativum	ail
Allium ursinum	Allium ursinum	ail des ours
Allobates wayuu	Allobates wayuu	Allobates wayuu
Alnus glutinosa	Alnus glutinosa	Alnus glutinosa
Aloe africana	Aloe africana	Aloe africana
Aloe albovestita	Aloe albovestita	Aloe albovestita
Aloe alexandrei	Aloe alexandrei	Aloe alexandrei
Aloe arenicola	Aloe arenicola	Aloe arenicola
Aloe broomii	Aloe broomii	Aloe broomii
Aloe cheranganiensis	Aloe cheranganiensis	Aloe cheranganiensis
Aloe chlorantha	Aloe chlorantha	Aloe chlorantha
Aloe christianii	Aloe christianii	Aloe christianii
Aloe chrysostachys	Aloe chrysostachys	Aloe chrysostachys
Aloe citrea	Aloe citrea	Aloe citrea
Aloe comosa	Aloe comosa	Aloe comosa
Aloe cryptopoda	Aloe cryptopoda	Aloe cryptopoda
Aloe hoffmannii	Aloe hoffmannii	Aloe hoffmannii
Aloe irafensis	Aloe irafensis	Aloe irafensis
Aloe jawiyon	Aloe jawiyon	Aloe jawiyon
Aloe lucile-allorgeae	Aloe lucile-allorgeae	Aloe lucile-allorgeae
Aloe luntii	Aloe luntii	Aloe luntii
Aloe macleayi	Aloe macleayi	Aloe macleayi
Aloe macrocarpa	Aloe macrocarpa	Aloe macrocarpa
Aloe macroclada	Aloe macroclada	Aloe macroclada
Aloe macrosiphon	Aloe macrosiphon	Aloe macrosiphon
Aloe maculata	Aloe maculata	Aloe maculata
Aloe mayottensis	Aloe mayottensis	Aloe mayottensis
Aloe mcloughlinii	Aloe mcloughlinii	Aloe mcloughlinii
Aloe medishiana	Aloe medishiana	Aloe medishiana
Aloe megalocarpa	Aloe megalocarpa	Aloe megalocarpa
Aloe mendesii	Aloe mendesii	Aloe mendesii
Aloe metallica	Aloe metallica	Aloe metallica
Aloe micracantha	Aloe micracantha	Aloe micracantha
Aloe microstigma	Aloe microstigma	Aloe microstigma
Aloe milne-redheadii	Aloe milne-redheadii	Aloe milne-redheadii
Aloe modesta	Aloe modesta	Aloe modesta
Aloe monotropa	Aloe monotropa	Aloe monotropa
Aloe monticola	Aloe monticola	Aloe monticola
Aloe namorokaensis	Aloe namorokaensis	Aloe namorokaensis
Aloe petricola	Aloe petricola	Aloe petricola
Aloe polyphylla	Aloe polyphylla	Aloe polyphylla
Aloe reynoldsii	Aloe reynoldsii	Aloe reynoldsii
Aloe sinkatana	Aloe sinkatana	Aloe sinkatana
Aloe succotrina	Aloe succotrina	Aloe succotrina
Aloe vaombe	Aloe vaombe	Aloe vaombe
Aloe vera	Aloe vera	Aloe vera
Aloe wildii	Aloe wildii	Aloe wildii
Alstonia scholaris	Alstonia scholaris	Alstonia scholaris
Amanita beckeri	Amanita beckeri	Amanita beckeri
Amatitlania coatepeque	Amatitlania coatepeque	Amatitlania coatepeque
Amatitlania nigrofasciata	Convict Cichlid	Nigro
Amatitlania siquia	Amatitlania siquia	Amatitlania siquia
Amblystegium serpens	Amblystegium serpens	Amblystegium serpens
Ambrella longituba	Ambrella longituba	Ambrella longituba
Ambuchanania leucobryoides	Ambuchanania leucobryoides	Ambuchanania leucobryoides
Ammandra decasperma	Ammandra decasperma	Ammandra decasperma
Ammi majus	Ammi majus	Ammi élevé
Ammobatoides abdominalis	Ammobatoides abdominalis	Ammobatoides abdominalis
Amphilophus calobrensis	Amphilophus calobrensis	Amphilophus calobrensis
Amphilophus flaveolus	Amphilophus flaveolus	Amphilophus flaveolus
Amphilophus hogaboomorum	Amphilophus hogaboomorum	Amphilophus hogaboomorum
Amphilophus lyonsi	Amphilophus lyonsi	Amphilophus lyonsi
Amphilophus macracanthus	Amphilophus macracanthus	Amphilophus macracanthus
Amphilophus margaritifer	Amphilophus margaritifer	Amphilophus margaritifer
Amphilophus zaliosus	Amphilophus zaliosus	Amphilophus zaliosus
Amphioctopus marginatus	Amphioctopus marginatus	Amphioctopus marginatus
Anacardium occidentale	Cashew	anacardier
Ananas comosus	Ananas comosus	Ananas comosus
Anartia amathea	Anartia amathea	Anartia amathea
Anas acuta	Northern Pintail	Canard pilet
Anas clypeata	Anas clypeata	Canard souchet
Anas crecca	Eurasian Teal	Sarcelle d'hiver
Anas querquedula	Anas querquedula	Sarcelle d'été
Anastomus lamelligerus	African Openbill	Bec-ouvert africain
Anchusa arvensis	Anchus arvensis	Anchusa arvensis
Ancistrus cirrhosus	Ancistrus cirrhosus	Ancistrus cirrhosus
Andinoacara pulcher	Blue acara	Andinoacara pulcher
Andreaeobryum macrosporum	Andreaeobryum macrosporum	Andreaeobryum macrosporum
Androdon aequatorialis	Androdon aequatorialis	Porte-lance d'Équateur
Androlepis skinneri	Androlepis skinneri	Androlepis skinneri
Androya decaryi	Androya decaryi	andoya
Anemarrhena asphodeloides	Anemarrhena asphodeloides	Anemarrhena asphodeloides
Anemone sylvestris	Anemone sylvestris	Anémone sauvage
Anethum graveolens	Anethum graveolens	aneth
Angka hexops	Angka hexops	Angka hexops
Anguilla anguilla	European eel	Anguille d'Europe
Anobium punctatum	Common furniture beetle	Petite vrillette
Anolis gorgonae	Blue anole	Anolis gorgonae
Anopheles gambiae	Anopheles gambiae	Anopheles gambiae
Anopheles maculipennis	Anopheles maculipennis	Anopheles maculipennis
Anophthalmus hitleri	Anophthalmus hitleri	Anophthalmus hitleri
Anoura geoffroyi	Anoura geoffroyi	Anoura geoffroyi
Ansellia africana	Ansellia africana	Ansellia africana
Anser anser	Greylag Goose	oie cendrée
Anser cygnoides	Swan Goose	Oie cygnoïde
Antechinus swainsonii	Dusky antechinus	Antechinus swainsonii
Antennarius multiocellatus	Longlure frogfish	Antennarius multiocellatus
Anthemis arvensis	Anthemis arvensis	Anthemis arvensis
Anthemis glaberrima	Anthemis glaberrima	Anthemis glaberrima
Antherina suraka	Antherina suraka	Antherina suraka
Anthus pratensis	Meadow Pipit	Pipit farlouse
Antirrhinum majus	Antirrhinum majus	Muflier à grandes fleurs
Apamea zeta	Apamea zeta	Apamea zeta
Apatura iris	Apatura iris	Grand mars changeant
Aphantochroa cirrochloris	Aphantochroa cirrochloris	Colibri vert et gris
Apis nigrocincta	Apis nigrocincta	Apis nigrocincta
Apistogramma eremnopyge	Apistogramma eremnopyge	Apistogramma eremnopyge
Apistogramma eunotus	Apistogramma eunotus	Apistogramma eunotus
Apistogramma geisleri	Apistogramma geisleri	Apistogramma geisleri
Apistogramma gephyra	Apistogramma gephyra	Apistogramma gephyra
Apistogramma gibbiceps	Apistogramma gibbiceps	Apistogramma gibbiceps
Apistogramma iniridae	Apistogramma iniridae	Apistogramma iniridae
Apistogramma meinkeni	Apistogramma meinkeni	Apistogramma meinkeni
Apistogramma personata	Apistogramma personata	Apistogramma personata
Apistogramma pertensis	Apistogramma pertensis	Apistogramma pertensis
Apistogramma piauiensis	Apistogramma piauiensis	Apistogramma piauiensis
Apistogramma pleurotaenia	Apistogramma pleurotaenia	Apistogramma pleurotaenia
Apistogramma pulchra	Apistogramma pulchra	Apistogramma pulchra
Apistogramma regani	Apistogramma regani	Apistogramma regani
Apistogramma resticulosa	Apistogramma resticulosa	Apistogramma resticulosa
Apistogramma rubrolineata	Apistogramma rubrolineata	Apistogramma rubrolineata
Apistogramma rupununi	Apistogramma rupununi	Apistogramma rupununi
Apistogramma similis	Apistogramma similis	Apistogramma similis
Apistogramma staecki	Apistogramma staecki	Apistogramma staecki
Apistogramma steindachneri	Apistogramma steindachneri	Apistogramma steindachneri
Apistogramma taeniata	Apistogramma taeniata	Apistogramma taeniata
Apistogramma tucurui	Apistogramma tucurui	Apistogramma tucurui
Apistogramma uaupesi	Apistogramma uaupesi	Apistogramma uaupesi
Apistogramma urteagai	Apistogramma urteagai	Apistogramma urteagai
Apistogramma viejita	Apistogramma viejita	Apistogramma viejita
Aplysia dactylomela	Aplysia dactylomela	Aplysia dactylomela
Apocheima hispidaria	Apocheima hispidaria	Apocheima hispidaria
Apus apus	Common Swift	Martinet noir
Apus nipalensis	House Swift	Martinet malais
Apus pacificus	Apus pacificus	Martinet de Sibérie
Arachis hypogaea	peanut	arachide
Araniella displicata	Araniella displicata	Araniella displicata
Arbutus canariensis	Arbutus canariensis	Arbutus canariensis
Archips oporana	Archips oporana	Archips oporana
Archips podana	Archips podana	Archips podana
Archips xylosteana	Archips xylosteana	Archips xylosteana
Arctium lappa	Arctium lappa	Arctium lappa
Arctium minus	Arctium minus	Petite bardane
Arctonotus lucidus	Proserpinus lucidus	Arctonotus lucidus
Ardea cinerea	Grey Heron	héron cendré
Areca catechu	Areca catechu	Palmier à bétel
Arenaria interpres	Ruddy Turnstone	Tournepierre à collier
Arenga wightii	Arenga wightii	Arenga wightii
Arenicola marina	Arenicola marina	Arenicola marina
Ariocarpus scaphirostris	Ariocarpus scaphirostris	Ariocarpus scaphirostris
Arion ater	Black slug	Arion ater
Aristotelia serrata	Aristotelia serrata	Aristotelia serrata
Ariteus flavescens	Jamaican fig-eating bat	Ariteus flavescens
Armeria maritima	Armeria maritima	Armérie maritime
Armoracia rusticana	Armoracia rusticana	raifort
Arnoglossus scapha	Witch	Arnoglossus scapha
Artemisia absinthium	Artemisia absinthium	Absinthe
Artemisia maritima	Artemisia maritima	Armoise maritime
Artemisia vulgaris	Artemisia vulgaris	Armoise commune
Artibeus anderseni	Andersen's fruit-eating bat	Artibeus anderseni
Artocarpus altilis	breadfruit	arbre à pain
Arum italicum	Arum italicum	Arum italicum
Arvicola amphibius	Arvicola amphibius	Arvicola amphibius
Asarum europaeum	Asarum europaeum	Asaret d'Europe
Asio flammeus	Short-eared Owl	Hibou des marais
Aspidodiadema sinuosum	Aspidodiadema sinuosum	Aspidodiadema sinuosum
Aspidodiadema tonsum	Aspidodiadema tonsum	Aspidodiadema tonsum
Aspidosperma quebracho-blanco	Aspidosperma quebracho-blanco	Aspidosperma quebracho-blanco
Astacopsis gouldi	Tasmanian giant freshwater crayfish	Astacopsis gouldi
Asthenosoma dilatatum	Asthenosoma dilatatum	Asthenosoma dilatatum
Asthenosoma ijimai	Asthenosoma ijimai	Asthenosoma ijimai
Astronotus ocellatus	Astronotus ocellatus	Astronotus ocellatus
Astrophytum caput-medusae	Astrophytum caput-medusae	Astrophytum Caput-Medusae
Astrophytum ornatum	Astrophytum ornatum	Astrophytum ornatum
Astyanax jordani	Astyanax jordani	Astyanax jordani
Athelia rolfsii	Athelia rolfsii	Athelia rolfsii
Australoheros facetus	Australoheros facetus	Australoheros facetus
Austrotaxus spicata	Austrotaxus spicata	Austrotaxus spicata
Avena sativa	Avena sativa	avoine cultivée
Avicularia minatrix	Avicularia minatrix	Avicularia minatrix
Aythya ferina	Common Pochard	fuligule milouin
Aythya fuligula	Tufted Duck	Fuligule morillon
Aythya marila	Greater Scaup	Fuligule milouinan
Aztekium ritteri	Aztekium ritteri	Aztekium ritteri
Balaeniceps rex	Shoebill	Bec-en-sabot du Nil
Banisteriopsis caapi	Banisteriopsis caapi	Banisteriopsis caapi
Barbarea vulgaris	Barbarea vulgaris	Barbarea vulgaris
Bartonella quintana	Bartonella quintana	Bartonella quintana
Bathylychnops exilis	Bathylychnops exilis	Bathylychnops exilis
Bauhinia racemosa	Bauhinia racemosa	Bauhinia racemosa
Bellis perennis	Bellis perennis	pâquerette
Bertholletia excelsa	Bertholletia excelsa	Bertholletia excelsa
Betta brownorum	Betta brownorum	Betta brownorum
Betta channoides	Betta channoides	Betta channoides
Betta edithae	Betta edithae	Betta edithae
Betta imbellis	Peaceful betta	Betta imbellis
Betta splendens	Siamese fighting fish	combattant
Betula papyrifera	Betula papyrifera	Bouleau à papier
Betula pendula	Betula pendula	Bouleau verruqueux
Biastes truncatus	Biastes truncatus	Biastes truncatus
Bidens cernua	Bidens cernua	Bidens cernua
Bidessus unistriatus	Bidessus unistriatus	Bidessus unistriatus
Biotodoma cupido	Biotodoma cupido	Biotodoma cupido
Biotodoma wavrini	Biotodoma wavrini	Biotodoma wavrini
Biotoecus dicentrarchus	Biotoecus dicentrarchus	Biotoecus dicentrarchus
Biotoecus opercularis	Biotoecus opercularis	Biotoecus opercularis
Bison bison	American bison	Bison d'Amérique
Bison bonasus	Bison bonasus	Bison d'Europe
Bivonaea lutea	Bivonaea lutea	Bivonaea lutea
Blatta orientalis	Oriental cockroach	Blatta orientalis
Boletus edulis	Boletus edulis	Boletus edulis
Bombycilla garrulus	Bohemian Waxwing	Jaseur boréal
Bonasa umbellus	Ruffed Grouse	Gélinotte huppée
Borbo borbonica	Borbo borbonica	Hespérie de l'île Bourbon
Borrelia recurrentis	Borrelia recurrentis	Borrelia recurrentis
Bos mutus	Bos mutus	yak
Botaurus stellaris	Eurasian Bittern	Butor étoilé
Bothrops cotiara	Bothrops cotiara	Rhinocerophis cotiara
Botryobasidium simile	Botryobasidium simile	Botryobasidium simile
Bowiea volubilis	Bowiea volubilis	Bowiea volubilis
Brachycereus nesioticus	Brachycereus nesioticus	Brachycereus nesioticus
Brachyistius frenatus	Kelp perch	Brachyistius frenatus
Brachypelma auratum	Brachypelma auratum	Brachypelma auratum
Brachypelma boehmei	Brachypelma boehmei	Brachypelma boehmei
Brachyphylla nana	Cuban fruit-eating bat	Brachyphylla nana
Branta bernicla	Brant Goose	bernache cravant
Branta canadensis	Canada Goose	Bernache du Canada
Branta leucopsis	Barnacle goose	Bernache nonnette
Brassica oleracea	Brassica oleracea	Brassica olearacea
Brassica rapa	Brassica rapa	Brassica rapa
Briza maxima	Briza maxima	Grande brize
Brocchinia reducta	Brocchinia reducta	Brocchinia reducta
Bryum turbinatum	Bryum turbinatum	Bryum turbinatum
Bubo bubo	Eurasian Eagle-owl	Hibou grand-duc
Bubo virginianus	Great Horned Owl	Grand-duc d'Amérique
Buccinum undatum	Buccinum undatum	Buccinum undatum
Bufo bufo	common toad	Crapaud commun
Bupalus piniaria	Bupalus piniaria	Bupalus piniaria
Buteo lagopus	Rough-legged Buzzard	Buse pattue
Buxbaumia viridis	Buxbaumia viridis	Buxbaumia viridis
Buxus sempervirens	Buxus sempervirens	Buxus sempervirens
Cacajao ayresi	Aracá uakari	Cacajao ayresi
Calandrella brachydactyla	Greater Short-toed Lark	Alouette calandrelle
Calidris alpina	Dunlin	Bécasseau variable
Calidris canutus	Red Knot	Bécasseau maubèche
Calidris ruficollis	Red-necked Stint	Bécasseau à col roux
Calidris tenuirostris	Great Knot	Bécasseau de l'Anadyr
Callionymus lyra	Common dragonet	Callionymus lyra
Callopistria juventina	Callopistria juventina	Callopistria juventina
Callorhinus ursinus	northern fur seal	Otarie à fourrure du Nord
Calluna vulgaris	Calluna vulgaris	Calluna vulgaris
Calocedrus macrolepis	Calocedrus macrolepis	Calocedrus macrolepis
Calponia harrisonfordi	Calponia harrisonfordi	Calponia harrisonfordi
Calymma communimacula	Calymma communimacula	Calymma communimacula
Camellia sinensis	Camellia sinensis	théier
Camelus bactrianus	Camelus bactrianus	chameau de Bactriane
Campanula rotundifolia	Campanula rotundifolia	Campanule à feuilles rondes
Candida parapsilosis	Candida parapsilosis	Candida parapsilosis
Candidatus Carsonella ruddii	Carsonella ruddii	Candidatus Carsonella ruddii
Canis aureus	golden jackal	Chacal doré
Cannabis sativa	Cannabis sativa	chanvre cultivé
Caprimulgus europaeus	European Nightjar	Engoulevent d'Europe
Caprimulgus macrurus	Large-tailed Nightjar	Engoulevent de Horsfield
Capsella bursa-pastoris	Capsella bursa-pastoris	Capsella bursa-pastoris
Capsicum annuum	Capsicum annuum	Capsicum annuum
Capsicum pubescens	Capsicum pubescens	piment rocoto
Carabus cancellatus	Carabus cancellatus	Carabus cancellatus
Carassius auratus	goldfish	poisson rouge
Carcharhinus amblyrhynchoides	Carcharhinus amblyrhynchoides	Carcharhinus amblyrhynchoides
Carcharhinus macrops	Carcharhinus macrops	Carcharhinus macrops
Cardamine pratensis	Cardamine pratensis	Cardamine des prés
Cardium costatum	Cardium costatum	Cardium costatum
Carduelis carduelis	European Goldfinch	Chardonneret élégant
Carex curvula	Carex curvula	Carex curvula
Carica papaya	Carica papaya	Carica papaya
Carukia barnesi	Carukia barnesi	Carukia barnesi
Carum carvi	Carum carvi	Carvi
Cassia aldabrensis	Cassia aldabrensis	Cassia aldabrensis
Cassida rubiginosa	Thistle tortoise beetle	Cassida rubiginosa
Castanea sativa	Castanea sativa	châtaignier commun
Castor canadensis	Canadian beaver	castor du Canada
Catharus bicknelli	Bicknell's Thrush	Grive de Bicknell
Catoptria verellus	Catoptria verellus	Catoptria verellus
Catoscopium nigritum	Catoscopium nigritum	Catoscopium nigritum
Cavia porcellus	guinea pig	Cavia porcellus
Centaurea cyanus	Centaurea cyanus	bleuet des champs
Centaurium erythraea	Centaurium erythraea	Centaurium erythraea
Cerastes gasperettii	Arabian horned viper	Cerastes gasperettii
Cerastoderma edule	Cerastoderma edule	Cerastoderma edule
Ceratina cyanea	Ceratina cyanea	Ceratina cyanea
Ceratomia hageni	Ceratomia hageni	Ceratomia hageni
Cercopithecus lomamiensis	Lesula	Lesula
Cereus jamacaru	Cereus jamacaru	Cereus jamacaru
Cervus elaphus	red deer	cerf élaphe
Cestrum nocturnum	Cestrum nocturnum	Cestrum nocturnum
Ceyx rufidorsa	rufous-backed kingfisher	martin-pêcheur à dos roux
Chamaecyparis formosensis	Chamaecyparis formosensis	Chamaecyparis formosensis
Charadrius alexandrinus	Kentish Plover	Pluvier à collier interrompu
Charadrius dubius	Little Ringed Plover	Petit Gravelot
Charadrius hiaticula	Common Ringed Plover	Pluvier grand-gravelot
Charadrius leschenaultii	Greater Sand Plover	Pluvier de Leschenault
Chariaspilates formosaria	Chariaspilates formosaria	Chariaspilates formosaria
Cheilotrema saturnum	Cheilotrema saturnum	Cheilotrema saturnum
Chelidonium majus	Chelidonium majus	Chelidonium majus
Chelonoidis denticulatus	Yellow-footed tortoise	Tortue charbonnière à pattes jaunes
Chenopodium quinoa	Chenopodium quinoa	quinoa
Cheritra freja	Common imperial	Cheritra freja
Chiasmia clathrata	Latticed Heath	Chiasmia clathrata
Chironius laurenti	Chironius laurenti	Chironius laurenti
Chiropterotriton mosaueri	Cave splayfoot salamander	Chiropterotriton mosaueri
Chlamydia trachomatis	Chlamydia trachomatis	Chlamydia trachomatis
Chlamys islandica	Chlamys islandica	Chlamys islandica
Chloephaga picta	Upland Goose	Ouette de Magellan
Chondrocladia lyra	Chondrocladia lyra	Chondrocladia lyra
Chonerhinos naritus	Chonerhinos naritus	Chonerhinos naritus
Chorthippus parallelus	Meadow grasshopper	Chorthippus parallelus
Chroicocephalus ridibundus	Black-headed Gull	Mouette rieuse
Chrysococcyx cupreus	African Emerald Cuckoo	Coucou foliotocol
Cicer arietinum	cicer arietinum	pois chiche
Ciconia ciconia	White stork	Cigogne blanche
Ciconia nigra	Black Stork	Cigogne noire
Cicuta virosa	Cicuta virosa	Ciguë aquatique
Ciliocincta julini	Ciliocincta julini	Ciliocincta julini
Ciliocincta sabellariae	Ciliocincta sabellariae	Ciliocincta sabellariae
Cimberis attelaboides	Cimberis attelaboides	Cimberis attelaboides
Circus aeruginosus	Western Marsh Harrier	Busard des roseaux
Circus cyaneus	Hen Harrier	Busard Saint-Martin
Circus pygargus	Montagu's Harrier	Busard cendré
Cirrhoscyllium expolitum	Barbelthroat carpetshark	Cirrhoscyllium expolitum
Cirrhoscyllium formosanum	Taiwan saddled carpetshark	Cirrhoscyllium formosanum
Cirrhoscyllium japonicum	saddle carpetshark	Cirrhoscyllium japonicum
Cirriphyllum piliferum	Cirriphyllum piliferum	Cirriphyllum piliferum
Cirsium vulgare	Cirsium vulgare	Cirsium vulgare
Citrus maxima	pomelo	Citrus maxima
Clangula hyemalis	Long-tailed Duck	Harelde de Miquelon
Cleora cinctaria	Cleora cinctaria	Cleora cinctaria
Clivia miniata	Clivia miniata	Clivia miniata
Clostridium tyrobutyricum	Clostridium tyrobutyricum	Clostridium tyrobutyricum
Coccyzus erythropthalmus	Black-billed Cuckoo	Coulicou à bec noir
Coccyzus merlini	Great Lizard Cuckoo	Tacco de Cuba
Coccyzus minor	Mangrove Cuckoo	Coulicou manioc
Coccyzus vieilloti	Puerto Rican Lizard Cuckoo	Tacco de Porto Rico
Cocos nucifera	Cocos nucifera	cocotier
Coddia rudis	Coddia rudis	Coddia rudis
Coffea arabica	Coffea arabica	Coffea arabica
Coffea canephora	Coffea canephora	Coffea canephora
Coffea liberica	Coffea liberica	Coffea liberica
Coleura afra	African sheath-tailed bat	Coleura afra
Colias erate	Colias erate	Colias erate
Colibri serrirostris	Colibri serrirostris	Colibri à ventre blanc
Collocalia linchi	Cave swiftlet	Salangane linchi
Colostygia turbata	Colostygia turbata	Colostygia turbata
Columba oenas	Stock Dove	Pigeon colombin
Columba palumbus	Common Wood Pigeon	Pigeon ramier
Combretum paniculatum	Combretum paniculatum	Combretum paniculatum
Congiopodus spinifer	Congiopodus spinifer	Congiopodus spinifer
Conus magus	Conus magus	Conus magus
Convallaria majalis	Convallaria majalis	Muguet de mai
Coregonus migratorius	omul	Omoul
Cormura brevirostris	Chestnut sac-winged bat	Cormura brevirostris
Coronidium boormanii	Coronidium boormanii	Coronidium boormanii
Corvus cornix	Hooded Crow	corneille mantelée
Corvus corone	carrion crow	corneille noire
Corvus frugilegus	Rook	Corbeau freux
Corvus monedula	Eurasian Jackdaw	Corvus monedula
Corylus avellana	Corylus avellana	Corylus avellana
Corylus colurna	Corylus colurna	Noisetier de Byzance
Coryphaena hippurus	mahi-mahi	Coryphaena hippurus
Coscoroba coscoroba	Coscoroba Swan	Coscoroba blanc
Costaconvexa polygrammata	Costaconvexa polygrammata	Costaconvexa polygrammata
Cottendorfia florida	Cottendorfia florida	Cottendorfia florida
Crangon crangon	Crangon crangon	crevette grise
Crenicara latruncularium	Crenicara latruncularium	Crenicara latruncularium
Crenicara punctulatum	Crenicara punctulatum	Crenicara punctulatum
Crenicichla johanna	Crenicichla johanna	Crenicichla johanna
Crenicichla punctata	Crenicichla punctata	Crenicichla punctata
Crenicichla strigata	Crenicichla strigata	Crenicichla strigata
Crenicichla tigrina	Crenicichla tigrina	Crenicichla tigrina
Crex crex	Corn Crake	Râle des genêts
Crinodendron hookerianum	Crinodendron hookerianum	Crinodendron hookerianum
Crocodylus palustris	Indus Crocodile	Crocodile des marais
Crocothemis sanguinolenta	Crocothemis sanguinolenta	Crocothemis sanguinolenta
Crotalus aquilus	Querétaro dusky rattlesnake	Crotalus aquilus
Crotalus intermedius	Crotalus intermedius	Crotalus intermedius
Crotalus lannomi	Crotalus lannomi	Crotalus lannomi
Crotalus pusillus	Crotalus pusillus	Crotalus pusillus
Crotalus simus	Crotalus simus	Crotalus simus
Cryptocarya nova-anglica	Cryptocarya nova-anglica	Cryptocarya nova-anglica
Cryptoheros spilurus	Cryptoheros spilurus	Cryptoheros spilurus
Cryptolinyphia sola	Cryptolinyphia sola	Cryptolinyphia sola
Cuculus canorus	Common Cuckoo	coucou gris
Cucumis melo	Cucumis melo	melon
Cucumis sativus	Cucumis sativus	concombre
Culex pipiens	Culex pipiens	Culex pipiens
Cuminum cyminum	Cuminum cyminum	cumin
Cuniculus paca	lowland paca	Cuniculus paca
Cunninghamia lanceolata	Cunninghamia lanceolata	Cunninghamia lanceolata
Cyanistes caeruleus	Eurasian blue tit	Mésange bleue
Cyclamen coum	Cyclamen coum	Cyclamen coum
Cyclocheilichthys enoplos	Cyclocheilichthys enoplos	Cyclocheilichthys enoplus
Cygnus columbianus	Cygnus columbianus	Cygne siffleur
Cygnus cygnus	Whooper Swan	Cygne chanteur
Cygnus olor	Mute Swan	Cygne tuberculé
Cylindropuntia bigelovii	Cylindropuntia bigelovii	Cylindropuntia bigelovii
Cylindropuntia leptocaulis	Cylindropuntia leptocaulis	Cylindropuntia leptocaulis
Cymbopogon citratus	Cymbopogon citratus	Cymbopogon citratus
Cymothoa exigua	Cymothoa exigua	Cymothoa exigua
Cyperus alternifolius	Cyperus alternifolius	Cyperus alternifolius
Cyprinus carpio	Cyprinus carpio	carpe commune
Cypsiurus balasiensis	Asian Palm Swift	Martinet batassia
Dallia pectoralis	Alaska blackfish	Dallia pectoralis
Dapidodigma demeter	Dapidodigma demeter	Dapidodigma demeter
Dapidodigma hymen	Dapidodigma hymen	Dapidodigma hymen
Dasyatis brevicaudata	short-tail stingray	Dasyatis brevicaudata
Dasyatis geijskesi	Sharpsnout stingray	Dasyatis geijskesi
Dasyatis izuensis	Dasyatis izuensis	Dasyatis izuensis
Dasyatis marianae	Brazilian large-eyed stingray	Dasyatis marianae
Dasylirion acrotrichum	Dasylirion acrotrichum	Dasylirion acrotrichum
Dasyurus spartacus	Bronze quoll	Dasyurus spartacus
Deileptenia ribeata	Deileptenia ribeata	Deileptenia ribeata
Delichon urbicum	Common House Martin	Hirondelle de fenêtre
Deltote uncula	Lithacodia uncula	Deltote uncula
Dendrocalamus giganteus	Dendrocalamus giganteus	Dendrocalamus giganteus
Dendrocopos macei	Fulvous-breasted Woodpecker	Pic de Macé
Dendrocopos major	Great Spotted Woodpecker	Pic épeiche
Dendrocopos moluccensis	Dendrocopos moluccensis	Dendrocopos moluccensis
Dermacentor marginatus	sheep tick	Dermacentor marginatus
Desfontainia spinosa	Desfontainia spinosa	Desfontainia spinosa
Desmarestia viridis	Desmarestia viridis	Desmarestia viridis
Diachrysia zosimi	Diachrysia zosimi	Diachrysia zosimi
Dianthus gratianopolitanus	Dianthus gratianopolitanus	Œillet de Grenoble
Diceros bicornis	Diceros bicornis	rhinocéros noir
Dichomeris alacella	Dichomeris alacella	Dichomeris alacella
Dicrocoelium dendriticum	Dicrocoelium dendriticum	Dicrocoelium dendriticum
Dicrossus gladicauda	Dicrossus gladicauda	Dicrossus gladicauda
Dicrossus maculatus	Dicrossus maculatus	Dicrossus maculatus
Dicrurus macrocercus	Black Drongo	Drongo royal
Dictyostega orobanchoides	Dictyostega orobanchoides	Dictyostega orobanchoides
Didunculus strigirostris	Tooth-billed Pigeon	Diduncule strigirostre
Dieffenbachia seguine	Dieffenbachia seguine	Dieffenbachia seguine
Digitalis grandiflora	Digitalis grandiflora	Digitale à grandes fleurs
Dillenia indica	Dillenia indica	Dillenia indica
Dinopium javanense	Common Flamebacked Woodpecker	Pic à dos rouge
Dioncophyllum thollonii	Dioncophyllum thollonii	Dioncophyllum thollonii
Diplocephalus lusiscus	Diplocephalus lusiscus	Diplocephalus lusiscus
Dipterocarpus alatus	Dipterocarpus alatus	Dipterocarpus alatus
Dipylidium caninum	Dipylidium caninum	Dipylidium caninum
Discus macclintocki	Discus macclintocki	Discus macclintocki
Diselma archeri	Diselma archeri	Diselma archeri
Disocactus ackermannii	Disocactus ackermannii	Disocactus ackermannii
Dolba hyloeus	Dolba hyloeus	Dolba hyloeus
Dolbogene hartwegii	Dolbogene hartwegii	Dolbogene hartwegii
Dorcadion scopolii	Dorcadion scopolii	Dorcadion scopolii
Downingia bacigalupii	Downingia bacigalupii	Downingia bacigalupii
Dracaena braunii	Dracaena braunii	Dracaena braunii
Dracaena cinnabari	Dracaena cinnabari	Dragonnier de Socotra
Dracaena fragrans	Dracaena fragrans	Dracaena deremensis
Dracaena reflexa	Dracaena reflexa	bois de chandelle
Dromaius novaehollandiae	Emu	émeu d'Australie
Drosera andersoniana	Drosera andersoniana	Drosera andersoniana
Drosera capillaris	Drosera capillaris	Drosera capillaris
Drosera dielsiana	Drosera dielsiana	Drosera dielsiana
Drosera graniticola	Drosera graniticola	Drosera graniticola
Drosera heterophylla	Drosera heterophylla	Drosera heterophylla
Drosera indica	Drosera indica	Drosera indica
Drosera rotundifolia	Drosera rotundifolia	Drosera à feuilles rondes
Dugong dugon	dugong	Dugong
Dytiscus marginalis	Great diving beetle	Dytique bordé
Echinocactus horizonthalonius	Echinocactus horizonthalonius	Echinocactus horizonthalonius
Echinocereus dasyacanthus	Echinocereus dasyacanthus	Echinocereus dasyacanthus
Echinococcus shiquicus	Echinococcus shiquicus	Echinococcus shiquicus
Echinopsis macrogona	Echinopsis macrogona	Echinopsis macrogona
Echinopsis pachanoi	Echinopsis pachanoi	Echinopsis pachanoi
Ecnomiohyla rabborum	Ecnomiohyla rabborum	Ecnomiohyla rabborum
Edonis helena	Edonis helena	Edonis helena
Eidolon dupreanum	Madagascan fruit bat	Eidolon dupreanum
Eidolon helvum	straw-coloured fruit bat	Eidolon helvum
Eleiodoxa conferta	Eleiodoxa	Eleiodoxa
Elephas maximus	Asian elephant	éléphant d'Asie
Elops lacerta	West African ladyfish	Elops lacerta
Elops machnata	Elops machnata	Elops machnata
Elops senegalensis	Senegalese ladyfish	Elops senegalensis
Elysia chlorotica	Elysia chloroticelus	Elysia chlorotica
Emberiza citrinella	Yellowhammer	Bruant jaune
Emberiza schoeniclus	Reed Bunting	Bruant des roseaux
Empis opaca	Empis opaca	Empis opaca
Empusa pennata	Empusa pennata	Empusa pennata
Enallagma annexum	Enallagma annexum	Enallagma annexum
Enallagma carunculatum	Tule Bluet	Enallagma carunculatum
Enallagma signatum	Orange Bluet	Enallagma signatum
Enterococcus faecalis	Enterococcus faecalis	Enterococcus faecalis
Enterococcus faecium	Enterococcus faecium	Enterococcus faecium
Enterolobium cyclocarpum	Enterolobium cyclocarpum	Guanacaste
Epipactis atrorubens	dark red helleborine	Épipactis pourpre noirâtre
Epulopiscium fishelsoni	Epulopiscium fishelsoni	Epulopiscium fishelsoni
Equisetum palustre	Equisetum palustre	Prêle des marais
Erinaceus europaeus	European hedgehog	hérisson commun
Erithacus rubecula	European robin	rouge-gorge familier
Ero aphana	Ero aphana	Ero aphana
Eryngium maritimum	Eryngium maritimum	Eryngium maritimum
Erythemis vesiculosa	great emerald pondhawk	Erythemis vesiculosa
Erythrina atitlanensis	Erythrina atitlanensis	Erythrina atitlanensis
Erythrina euodiphylla	Erythrina euodiphylla	Erythrina euodiphylla
Erythrodiplax gomesi	Erythrodiplax gomesi	Erythrodiplax gomesi
Erythrodiplax ines	Erythrodiplax ines	Erythrodiplax ines
Erythrodiplax media	Erythrodiplax media	Erythrodiplax media
Erythronium citrinum	Erythronium citrinum	Erythronium citrinum
Erythronium pluriflorum	Erythronium pluriflorum	Erythronium pluriflorum
Escobaria missouriensis	Escobaria missouriensis	Escobaria missouriensis
Escontria chiotilla	Escontria chiotilla	Escontria chiotilla
Esox americanus	Esox americanus	Esox americanus
Espadaea amoena	Espadaea amoena	Espadaea amoena
Estrandia grandaeva	Estrandia grandaeva	Estrandia grandaeva
Etmopterus baxteri	New Zealand lanternshark	Etmopterus baxteri
Euclichthys polynemus	Euclichthys polynemus	Euclichthys polynemus
Eucrostes indigenata	Eucrostes indigenata	Eucrostes indigenata
Eudendrium dispar	Eudendrium dispar	eudendrium dispar
Euleia heraclei	Euleia heraclei	Mouche du céleri
Eumorpha anchemolus	Eumorpha anchemolus	Eumorpha anchemolus
Eumorpha fasciatus	Eumorpha fasciatus	Eumorpha fasciatus
Eumorpha labruscae	Eumorpha labruscae	Eumorpha labruscae
Eupackardia calleta	Eupackardia calleta	Eupackardia calleta
Euphorbia abdelkuri	Euphorbia abdelkuri	Euphorbia abdelkuri
Euphorbia cyparissias	Euphorbia cyparissias	Euphorbe petit-cyprès
Euphorbia dulcis	Euphorbia dulcis	Euphorbia dulcis
Euphorbia hirta	Euphorbia hirta	Chamaesyce hirta
Euproctis similis	yellow-tail	Euproctis similis
Eurycea nana	Eurycea nana	Eurycea nana
Eurycea sosorum	Barton Springs salamander	Eurycea sosorum
Euterpe oleracea	Euterpe gonorrea	Euterpe oleracea
Evarcha falcata	Evarcha falcata	Evarcha falcata
Evergestis limbata	Evergestis limbata	Evergestis limbata
Evergestis pallidata	Evergestis pallidata	Evergestis pallidata
Exidia nigricans	Exidia nigricans	Exidia nigricans
Exiliboa placata	Exiliboa placata	Exiliboa placata
Fagopyrum esculentum	Fagopyrum esculentum	Fagopyrum esculentum
Fagopyrum tataricum	Fagopyrum tataricum	sarrasin de Tartarie
Fagus grandifolia	Fagus grandifolia	Hêtre à grandes feuilles
Falcipennis canadensis	Falcipennis canadensis	Tétras du Canada
Falco biarmicus	Lanner Falcon	Faucon lanier
Falco subbuteo	Eurasian Hobby	Faucon hobereau
Falco tinnunculus	Common Kestrel	Faucon crécerelle
Ficedula hypoleuca	European Pied Flycatcher	Gobemouche noir
Ficus carica	Ficus carica	Ficus carica
Filipendula vulgaris	Filipendula vulgaris	Filipendula vulgaris
Fragaria iturupensis	Fragaria iturupensis	Fragaria iturupensis
Frangula alnus	Frangula alnus	Bourdaine
Frankliniella occidentalis	Frankliniella occidentalis	Frankliniella occidentalis
Fratercula arctica	Atlantic Puffin	Macareux moine
Fraxinus excelsior	Fraxinus excelsior	Frêne élevé
Fringilla coelebs	Eurasian Chaffinch	pinson des arbres
Fufius striatipes	Fufius striatipes	Fufius striatipes
Fulica atra	Common Coot	Foulque macroule
Fulmarus glacialis	Northern Fulmar	Fulmar boréal
Furcifer lateralis	Furcifer lateralis	Furcifer lateralis
Fusarium oxysporum	Fusarium oxysporum	Fusarium oxysporum
Galago senegalensis	Senegal bushbaby	Galago senegalensis
Galerida cristata	Crested Lark	Cochevis huppé
Galeus melastomus	blackmouth catshark	Galeus melastomus
Galium verum	Galium verum	Caille-lait jaune
Gallinago gallinago	Gallinago gallinago	Bécassine des marais
Gallinula chloropus	Common Moorhen	Gallinule poule-d'eau
Garcinia travancorica	Garcinia travancorica	Garcinia travancorica
Garra menoni	Garra menoni	Garra menoni
Garrulax rufifrons	Garrulax rufifrons	Garrulaxe à front roux
Garrulus glandarius	Eurasian Jay	geai des chênes
Gavia stellata	Red-throated Diver	Plongeon catmarin
Gelochelidon nilotica	Gull-billed Tern	Sterne hansel
Geophagus argyrostictus	Geophagus argyrostictus	Geophagus argyrostictus
Geophagus brokopondo	Geophagus brokopondo	Geophagus brokopondo
Geophagus camopiensis	Geophagus camopiensis	Geophagus camopiensis
Geophagus crassilabris	Geophagus crassilabris	Geophagus crassilabris
Geophagus dicrozoster	Geophagus dicrozoster	Geophagus dicrozoster
Geophagus gottwaldi	Geophagus gottwaldi	Geophagus gottwaldi
Geophagus grammepareius	Geophagus grammepareius	Geophagus grammepareius
Geophagus harreri	Geophagus harreri	Geophagus harreri
Geophagus pellegrini	Geophagus pellegrini	Geophagus pellegrini
Geophagus surinamensis	Geophagus surinamensis	Geophagus surinamensis
Geophagus taeniopareius	Geophagus taeniopareius	Geophagus taeniopareius
Geophagus winemilleri	Geophagus winemilleri	Geophagus winemilleri
Geotrupes stercorarius	Geotrupes stercorarius	Geotrupes stercorarius
Gerris lacustris	Gerris lacustris	Gerris lacustris
Glycine max	soybean	soja
Gollumjapyx smeagol	Gollumjapyx smeagol	Gollumjapyx smeagol
Gonyosoma oxycephalum	Gonyosoma oxycephalum	Gonyosoma oxycephalum
Gossypium hirsutum	Gossypium hirsutum	Gossypium hirsutum
Grus grus	Common Crane	Grue cendrée
Guamatela tuerckheimii	Guamatela tuerckheimii	Guamatelaceae
Guianacara sphenozona	Guianacara sphenozona	Guianacara sphenozona
Gulo gulo	wolverine	Gulo gulo
Gymnocalycium calochlorum	Gymnocalycium calochlorum	Gymnocalycium calochlorum
Gymnocranius audleyi	Gymnocranius audleyi	Gymnocranius audleyi
Gymnocranius frenatus	Gymnocranius frenatus	Gymnocranius frenatus
Gymnocranius oblongus	Gymnocranius oblongus	Gymnocranius oblongus
Gymnogeophagus caaguazuensis	Gymnogeophagus caaguazuensis	Gymnogeophagus caaguazuensis
Gymnogeophagus labiatus	Gymnogeophagus labiatus	Gymnogeophagus labiatus
Gymnopilus josserandii	Gymnopilus josserandii	Gymnopilus josserandii
Gymnopilus pseudofulgens	Gymnopilus pseudofulgens	Gymnopilus pseudofulgens
Gyptis bruneli	Gyptis bruneli	Gyptis bruneli
Gyptis comata	Gyptis comata	Gyptis comata
Gyptis crinita	Gyptis crinita	Gyptis crinita
Gyptis golikovi	Gyptis golikovi	Gyptis golikovi
Gyptis heteroculatus	Gyptis heteroculatus	Gyptis heteroculatus
Gyptis hians	Gyptis hians	Gyptis hians
Gyptis lobata	Gyptis lobata	Gyptis lobata
Gyptis lobatus	Gyptis lobatus	Gyptis lobatus
Gyptis mackiei	Gyptis mackiei	Gyptis mackiei
Gyptis maraunibinae	Gyptis maraunibinae	Gyptis maraunibinae
Gyptis raluanensis	Gyptis raluanensis	Gyptis raluanensis
Gyptis vittata	Gyptis vittata	Gyptis vittata
Haematopus ostralegus	Eurasian Oystercatcher	Huîtrier pie
Halcyon cyanoventris	Javan Kingfisher	Martin-chasseur de Java
Haliaeetus albicilla	White-tailed Eagle	Pygargue à queue blanche
Halichoerus grypus	Grey Seal	Phoque gris
Halothamnus glaucus	Halothamnus glaucus	Halothamnus glaucus
Halothamnus lancifolius	Halothamnus lancifolius	Halothamnus lancifolius
Hampala macrolepidota	Hampala macrolepidota	Hampala macrolepidota
Haplopelma lividum	Cobalt blue tarantula	Haplopelma lividum
Haraella retrocalla	Haraella retrocalla	Haraella retrocalla
Hatena arenicola	Hatena arenicola	Hatena arenicola
Hedera helix	Hedera helix	lierre grimpant
Hedya salicella	Hedya salicella	Hedya salicella
Hedypnois rhagadioloides	Hedypnois rhagadioloides	Hedypnois rhagadioloides
Heliamphora chimantensis	Heliamphora chimantensis	Heliamphora chimantensis
Heliamphora glabra	Heliamphora glabra	Heliamphora glabra
Heliamphora heterodoxa	Heliamphora heterodoxa	Heliamphora heterodoxa
Heliamphora nutans	Heliamphora nutans	Heliamphora nutans
Helianthus tuberosus	Helianthus tuberosus	topinambour
Heliaster solaris	Heliaster solaris	Heliaster solaris
Helichrysum arenarium	Helichrysum arenarium	Helichrysum arenarium
Helicophagus waandersii	Helicophagus waandersii	Helicophagus waandersii
Heliothis peltigera	Heliothis peltigera	Heliothis peltigera
Hemiechinus auritus	long-eared hedgehog	hérisson à grandes oreilles
Hemigrammocharax multifasciatus	Hemigrammocharax multifasciatus	Hemigrammocharax multifasciatus
Hemiprocne longipennis	Hemiprocne longipennis	Hémiprocné longipenne
Hennediella heimii	Hennediella heimii	Hennediella heimii
Henosepilachna argus	Bryony Ladybird	Coccinelle de la Bryone
Hericium erinaceus	Hericium erinaceus	Hericium erinaceus
Herminium monorchis	Herminium monorchis	Orchis à un bulbe
Hetaerina americana	American Rubyspot	Courtisane d'Amérique
Heteranthia decipiens	Heteranthia decipiens	Heteranthia decipiens
Hibiscus fragilis	Hibiscus fragilis	Hibiscus fragilis
Hibiscus insularis	Hibiscus insularis	Hibiscus insularis
Hippocampus reidi	Slender seahorse	Hippocampus reidi
Hippolais icterina	Hippolais icterina	Hypolaïs ictérine
Hippuris vulgaris	Hippuris vulgaris	Hippuris vulgaris
Hirundapus caudacutus	White-throated Needletail	Martinet épineux
Hirundo rustica	Barn Swallow	hirondelle rustique
Hispidoberyx ambagiosus	Hispidoberyx ambagiosus	Hispidoberyx ambagiosus
Histoplasma capsulatum	Histoplasma capsulatum	Histoplasma capsulatum
Hohenbergiopsis guatemalensis	Hohenbergiopsis guatemalensis	Hohenbergiopsis guatemalensis
Homarus americanus	American lobster	homard américain
Hordeum vulgare	Hordeum vulgare	orge commune
Howea forsteriana	Howea forsteriana	Howea forsteriana
Humulus lupulus	Humulus lupulus	houblon
Hydnum repandum	wood hedgehog	pied-de-mouton
Hydrobates pelagicus	European Storm Petrel	Océanite tempête
Hydrophasianus chirurgus	Pheasant-tailed Jacana	Jacana à longue queue
Hydrophis viperinus	Hydrophis viperinus	Hydrophis viperina
Hydroprogne caspia	Caspian Tern	Sterne caspienne
Hygrophorus penarioides	Hygrophorus penarioides	Hygrophorus penarioides
Hygrophorus purpurascens	Hygrophorus purpurascens	Hygrophorus purpurascens
Hygrophorus pustulatus	Hygrophorus pustulatus	Hygrophorus pustulatus
Hyla molleri	Hyla molleri	Hyla molleri
Hyladelphys kalinowskii	Kalinowski's mouse opossum	Hyladelphys kalinowskii
Hyles costata	Hyles costata	Hyles costata
Hylocereus costaricensis	Hylocereus costaricensis	Hylocereus costaricensis
Hylocomium splendens	Hylocomium splendens	Hylocomium splendens
Hylotrupes bajulus	Old-house borer	Capricorne des maisons
Hyophorbe amaricaulis	Hyophorbe amaricaulis	Hyophorbe amaricaulis
Hyperprosopon argenteum	Hyperprosopon argenteum	Hyperprosopon argenteum
Hypomecis roboraria	Hypomecis roboraria	Hypomecis roboraria
Hypsopygia glaucinalis	Hypsopygia glaucinalis	Hypsopygia glaucinalis
Hypsurus caryi	Hypsurus caryi	Hypsurus caryi
Ia io	Great evening bat	Ia io
Iberis amara	Iberis amara	Iberis amara
Icosteus aenigmaticus	Icosteus aenigmaticus	Icosteus aenigmaticus
Ictiobus cyprinellus	Bigmouth buffalo	Ictiobus cyprinellus
Idaea emarginata	Idaea emarginata	Idaea emarginata
Idaea flaveolaria	Idaea flaveolaria	Idaea flaveolaria
Illawarra wisharti	Illawarra wisharti	Illawarra wisharti
Illicium anisatum	Illicium anisatum	Badiane japonaise
Ingerophrynus gollum	Ingerophrynus gollum	Ingerophrynus gollum
Inocybe aeruginascens	Inocybe aeruginascens	Inocybe aeruginascens
Inocybe tricolor	Inocybe tricolor	Inocybe tricolor
Intoshia linei	Intoshia linei	Intoshia linei
Intoshia major	Intoshia major	Intoshia major
Intoshia variabili	Intoshia variabili	Intoshia variabili
Iphiclides podalirius	Scarce Swallowtail	Flambé
Ipomoea alba	Ipomoea alba	Ipomoea alba
Ipomoea batatas	sweet potato	patate douce
Ipomoea pulcherrima	Ipomoea pulcherrima	Ipomoea pulcherrima
Iriartea deltoidea	Iriartea deltoidea	Iriartea deltoidea
Iris pseudacorus	Iris pseudacorus	Iris pseudacorus
Isturgia limbaria	Isturgia limbaria	Isturgia limbaria
Ixobrychus minutus	Ixobrychus minutus	Blongios nain
Ixoreus naevius	Varied Thrush	Grive à collier
Janetaescincus veseyfitzgeraldi	Vesey-Fitzgerald's Burrowing Skink	Janetaescincus veseyfitzgeraldi
Jordanita budensis	Jordanita budensis	Jordanita budensis
Juglans regia	Juglans regia	noyer commun
Juncus maritimus	Juncus maritimus	Juncus maritimus
Juniperus communis	Juniperus communis	Genévrier commun
Jynx torquilla	Eurasian Wryneck	Torcol fourmilier
Kalmia cuneata	Kalmia cuneata	Kalmia cuneata
Kalmia microphylla	Kalmia microphylla	Kalmia microphylla
Knautia arvensis	field scabious	Knautie des champs
Koeberlinia spinosa	Koeberlinia spinosa	Koeberliniaceae
Labeo altivelis	Rednose Labeo	Labeo altivelis
Labeo nasus	Labeo nasus	Labeo nasus
Labeo rosae	Labeo rosae	Labeo rosae
Labeo ruddi	Silver Labeo	Labeo ruddi
Lacantunia enigmatica	Chiapas catfish	Lacantunia enigmatica
Lactarius fennoscandicus	Lactarius fennoscandicus	Lactarius fennoscandicus
Lactarius lignyotus	Lactarius lignyotus	Lactarius lignyotus
Lactarius picinus	Lactarius picinus	Lactarius picinus
Lactarius sphagneti	Lactarius sphagneti	Lactarius sphagneti
Lactarius torminosulus	Lactarius torminosulus	Lactarius torminosulus
Lactarius turpis	Lactarius turpis	Lactarius turpis
Lactarius zonarioides	Lactarius zonarioides	Lactarius zonarioides
Lactobacillus acidophilus	Lactobacillus acidophilus	Lactobacillus acidophilus
Lactobacillus casei	Lacticaseibacillus casei	Lactobacillus casei
Lactococcus lactis	Lactococcus lactis	Lactococcus lactis
Laetacara curviceps	Laetacara curviceps	Laetacara curviceps
Lagopus leucura	White-tailed Ptarmigan	Lagopède à queue blanche
Lanius collurio	Red-backed Shrike	Pie-grièche écorcheur
Larix decidua	Larix decidua	Mélèze d'Europe
Larus argentatus	European Herring Gull	Goéland argenté
Larus canus	Common Gull	Goéland cendré
Larus fuscus	Larus fuscus	Goéland brun
Larus hyperboreus	Glaucous Gull	Goéland bourgmestre
Larus marinus	Great Black-backed Gull	Goéland marin
Lasioderma serricorne	Lasioderma serricorne	Lasioderma serricorne
Lathyrus japonicus	Lathyrus japonicus	Gesse maritime
Latrodectus geometricus	Latrodectus geometricus	Latrodectus geometricus
Latrodectus hasselti	redback spider	Latrodectus hasselti
Latrodectus katipo	Latrodectus katipo	Latrodectus katipo
Latrodectus variolus	Latrodectus variolus	Latrodectus variolus
Laurus nobilis	Laurus nobilis	Laurus nobilis
Leiothrix argentauris	Silver-eared Mesia	Léiothrix à joues argent
Lemna minor	Lemna minor	Lemna minor
Leopardus braccatus	Leopardus braccatus	Leopardus braccatus
Lepidium latifolium	Lepidium latifolium	Lepidium latifolium
Lepidium virginicum	Lepidium virginicum	Lepidium virginicum
Lepilemur milanoii	Lepilemur milanoii	Lepilemur milanoii
Lepisma saccharina	silverfish	Poisson d'argent
Leptinotarsa decemlineata	Colorado potato beetle	Doryphore
Leptothele bencha	Leptothele bencha	Leptothele bencha
Lepus americanus	snowshoe hare	Lièvre d'Amérique
Lepus europaeus	Lepus europaeus	Lièvre d'Europe
Lethrinus amboinensis	Lethrinus amboinensis	Lethrinus amboinensis
Lethrinus atlanticus	Atlantic emperor	Lethrinus atlanticus
Lethrinus borbonicus	Lethrinus borbonicus	Lethrinus borbonicus
Lethrinus conchyliatus	Lethrinus conchyliatus	Lethrinus conchyliatus
Lethrinus crocineus	Lethrinus crocineus	Lethrinus crocineus
Lethrinus enigmaticus	Lethrinus enigmaticus	Lethrinus enigmaticus
Lethrinus erythracanthus	Lethrinus erythracanthus	Lethrinus erythracanthus
Lethrinus laticaudis	grass emperor	Lethrinus laticaudis
Lethrinus microdon	Lethrinus microdon	Lethrinus microdon
Lethrinus obsoletus	Lethrinus obsoletus	Lethrinus obsoletus
Lethrinus ravus	Lethrinus ravus	Lethrinus ravus
Lethrinus reticulatus	Lethrinus reticulatus	Lethrinus reticulatus
Leucaena leucocephala	Leucaena leucocephala	Leucaena leucocephala
Leucanthemum vulgare	Leucanthemum vulgare	marguerite commune
Leucocarbo carunculatus	New Zealand King Shag	Cormoran caronculé
Levisticum officinale	Levisticum officinale	Livèche
Libellula axilena	Libellula axilena	Libellula axilena
Libellula forensis	Eight-spotted Skimmer	Libellula forensis
Libellula incesta	Libellula incesta	Libellule Voluptueuse
Libellula luctuosa	Widow Skimmer	Libellule mélancolique
Lichanura trivirgata	rosy boa	Lichanura trivirgata
Lilium cernuum	Lilium cernuum	Lilium cernuum
Lilium columbianum	Lilium columbianum	Lys de Colombie
Lilium concolor	Lilium concolor	Lilium concolor
Lilium humboldtii	Lilium humboldtii	Lilium humboldtii
Lilium maculatum	Lilium maculatum	Lilium maculatum
Lilium medeoloides	Lilium medeoloides	Lilium medeoloides
Lilium michauxii	Lilium michauxii	Lilium michauxii
Lilium michiganense	Lilium michiganense	Lilium michiganense
Lilium tsingtauense	Lilium tsingtauense	Lilium tsingtauense
Limnognathia maerski	Limnognathia maerski	Limnognathia maerski
Limonia nubeculosa	Limonia nubeculosa	Limonia nubeculosa
Limonium vulgare	Limonium vulgare	Lavande de mer
Limosa lapponica	Bar-tailed Godwit	Barge rousse
Limosa limosa	Black-tailed Godwit	Barge à queue noire
Linaria vulgaris	Linaria vulgaris	Linaria vulgaris
Lintneria separatus	Lintneria separatus	Lintneria separatus
Liomys adspersus	Panamanian spiny pocket mouse	Liomys adspersus
Lipogenys gillii	Lipogenys gillii	Lipogenys gillii
Liriope muscari	Liriope muscari	Liriope muscari
Litchi chinensis	Litchi chinensis	litchi
Lobophora halterata	Lobophora halterata	Lobophora halterata
Lonchura punctulata	Lonchura punctulata	Capucin damier
Lophira alata	Lophira alata	Azobé
Lophopyxis maingayi	Lophopyxis maingayi	Lophopyxidaceae
Loxia curvirostra	Red Crossbill	Bec-croisé des sapins
Luciobarbus bocagei	Luciobarbus bocagei	Luciobarbus bocagei
Luciocyprinus langsoni	Luciocyprinus langsoni	Luciocyprinus langsoni
Lullula arborea	Woodlark	Alouette lulu
Luscinia megarhynchos	Common Nightingale	Rossignol philomèle
Luscinia svecica	Bluethroat	Gorgebleue à miroir
Lycia lapponaria	Lycia lapponaria	Lycia lapponaria
Lycium chinense	Lycium chinense	Lycium chinense
Lycium europaeum	Lycium europaeum	Lycium europaeum
Lymnocryptes minimus	Jack Snipe	Bécassine sourde
Lynx canadensis	Canada lynx	lynx du Canada
Macaria alternata	Macaria alternata	philobie alternée
Macaria brunneata	Macaria brunneata	Macaria brunneata
Macaria carbonaria	Macaria carbonaria	philobie enfumée
Macaria liturata	Macaria liturata	Macaria liturata
Macaria notata	Macaria notata	Macaria notata
Macaria signaria	Macaria signaria	philobie des pins
Macaria wauaria	Macaria wauaria	Macaria wauaria
Maccullochella peelii	Murray cod	morue de Murray
Macheiramphus alcinus	Bat Hawk	Milan des chauves-souris
Macroglossum trochilus	Macroglossum trochilus	Macroglossum trochilus
Macrophyllum macrophyllum	Long-legged Bat	Macrophyllum macrophyllum
Macropygia emiliana	ruddy cuckoo-dove	Phasianelle rousse
Malva sylvestris	Malva sylvestris	Grande mauve
Mammillaria bocasana	Mammillaria bocasana	Mammillaria bocasana
Mammillaria bombycina	Mammillaria bombycina	Mammillaria bombycina
Manduca albiplaga	Manduca albiplaga	Manduca albiplaga
Manduca florestan	Manduca florestan	Manduca florestan
Martes foina	beech marten	Fouine
Martes martes	European pine marten	Martre des pins
Martes zibellina	Martes zibellina	Zibeline
Mastotermes darwiniensis	Mastotermes darwiniensis	Mastotermes darwiniensis
Masturus lanceolatus	Sharptail mola	Masturus lanceolatus
Medicago minima	Medicago minima	Medicago minima
Mediothele australis	Mediothele australis	Mediothele australis
Megachasma pelagios	Megamouth shark	Requin grande gueule
Megahexura fulva	Megahexura fulva	Megahexura fulva
Megalaima armillaris	Megalaima armillaris	Megalaima armillaris
Megalaima australis	Megalaima australis	Barbu à calotte bleue
Meganyctiphanes norvegica	Northern krill	Meganyctiphanes norvegica
Megaphobema mesomelas	Megaphobema mesomelas	Megaphobema mesomelas
Megaptera novaeangliae	humpback whale	baleine à bosse
Megascolides australis	Megascolides australis	Megascolides australis
Melanerpes pulcher	Beautiful Woodpecker	Pic splendide
Melanitta nigra	Common Scoter	Macreuse noire
Meleagris gallopavo	Wild Turkey	Dindon sauvage
Meleagris ocellata	Ocellated Turkey	Dindon ocellé
Melitta tricincta	Melitta tricincta	Melitta tricincta
Melocactus azureus	Melocactus azureus	Melocactus azureus
Melocactus lemairei	Melocactus lemairei	Melocactus lemairei
Melocactus pachyacanthus	Melocactus pachyacanthus	Melocactus pachyacanthus
Melolontha melolontha	Melolontha melolontha	Melolontha melolontha
Menophra abruptaria	Menophra abruptaria	Menophra abruptaria
Merops leschenaulti	Chestnut-headed Bee-eater	Guêpier de Leschenault
Merops philippinus	Blue-tailed Bee-eater	Guêpier à queue d'azur
Mesenchytraeus solifugus	Mesenchytraeus solifugus	Mesenchytraeus solifugus
Mesonauta festivus	Mesonauta festivus	Mesonauta festivus
Mesophylla macconnelli	MacConnell's bat	Mesophylla macconnelli
Mesoplodon traversii	spade-toothed whale	Baleine à bec de Travers
Mespilus germanica	Mespilus germanica	néflier
Metasequoia glyptostroboides	Metasequoia glyptostroboides	Metasequoia glyptostroboides
Micromalthus debilis	Telephone-pole beetle	Micromalthus debilis
Micropterix aureatella	Micropterix aureatella	Micropterix aureatella
Miersiella umbellata	Miersiella umbellata	Miersiella umbellata
Milvus migrans	Black Kite	Milan noir
Miomantis binotata	Miomantis binotata	Miomantis binotata
Mirabilis jalapa	Mirabilis jalapa	Mirabilis jalapa
Misumenops nepenthicola	Misumenops nepenthicola Bristowe, 1930	Misumenops nepenthicola
Mitragyna speciosa	Mitragyna speciosa	Kratom
Mnemiopsis leidyi	Mnemiopsis leidyi	Mnemiopsis leidyi
Molossus sinaloae	Sinaloan Mastiff Bat	Molossus sinaloae
Mompha raschkiella	Mompha raschkiella	Mompha raschkiella
Monopis obviella	Monopis obviella	Monopis obviella
Montastraea cavernosa	Montastraea cavernosa	Montastraea cavernosa
Monticola cinclorhyncha	Blue-capped Rock Thrush	Monticole à croupion roux
Monticolomys koopmani	Monticolomys koopmani	Monticolomys koopmani
Morpho rhetenor	Morpho rhetenor	Morpho rhetenor
Morus bassanus	Northern Gannet	fou de Bassan
Motacilla alba	Motacilla alba	Bergeronnette grise
Motacilla flava	Motacilla flava	Bergeronnette printanière
Mullus barbatus	Mullus barbatus	Mullus barbatus
Mullus surmuletus	Mullus surmuletus	Mullus surmuletus
Mungos mungo	banded mongoose	Mangouste rayée
Musa acuminata	Musa acuminata	Musa acuminata
Musa balbisiana	Musa balbisiana	Musa balbisiana
Musa basjoo	Musa basjoo	Musa basjoo
Muscicapa striata	Spotted Flycatcher	Gobemouche gris
Mustela erminea	Mustela erminea	Mustela erminea
Mustela lutreola	Mustela lutreola	Mustela lutreola
Mustela nivalis	Mustela nivalis	Mustela nivalis
Mustela putorius	Mustela putorius	Mustela putorius
Mya arenaria	Mya arenaria	Mya arenaria
Mycobacterium tuberculosis	Mycobacterium tuberculosis	Mycobacterium tuberculosis
Mycobacterium ulcerans	Mycobacterium ulcerans	Mycobacterium ulcerans
Myxobolus cerebralis	Myxobolus cerebralis	Myxobolus cerebralis
Nannacara anomala	goldeneye cichlid	Nannacara anomala
Nannacara aureocephalus	Nannacara aureocephalus	Nannacara aureocephalus
Nannocharax macropterus	Nannocharax macropterus	Nannocharax macropterus
Narcissus poeticus	Narcissus poeticus	Narcissus poeticus
Narcissus serotinus	Narcissus serotinus	Narcissus serotinus
Nasturtium officinale	Nasturtium officinale	cresson de fontaine
Nasua nasua	South American Coati	Nasua nasua
Neamblysomus gunningi	Gunning's golden mole	Neamblysomus gunningi
Nectouxia formosa	Nectouxia formosa	Nectouxia formosa
Neisseria gonorrhoeae	Neisseria gonorrhoeae	Neisseria gonorrhoeae
Nemopilema nomurai	Nemopilema nomurai	Nemopilema nomurai
Neocallitropsis pancheri	Neocallitropsis pancheri	Neocallitropsis pancheri
Neofelis nebulosa	clouded leopard	panthère nébuleuse
Neolamprologus brichardi	Princess cichlid	Neolamprologus brichardi
Neolebias lozii	Neolebias lozii	Neolebias lozii
Neopetalia punctata	Neopetalia punctata	Neopetalia punctata
Neophron percnopterus	Egyptian Vulture	Percnoptère
Nepenthes inermis	Nepenthes inermis	Nepenthes inermis
Nepenthes macrophylla	Nepenthes macrophylla	Nepenthes macrophylla
Nepenthes merrilliana	Nepenthes merrilliana	Nepenthes merrilliana
Nepenthes rajah	Nepenthes rajah	Nepenthes rajah
Nepenthes spathulata	Nepenthes spathulata	Nepenthes spathulata
Nepenthes veitchii	Nepenthes veitchii	Nepenthes veitchii
Nephele comma	Nephele comma	Nephele comma
Nerine sarniensis	Nerine sarniensis	Nerine sarniensis
Nesocodon mauritianus	Nesocodon mauritianus	Nesocodon mauritianus
Nesolagus netscheri	Sumatran striped rabbit	Nesolagus netscheri
Neuwiedia griffithii	Neuwiedia griffithii	Neuwiedia griffithii
Noblella coloma	Noblella coloma	Noblella coloma
Noctua interposita	Noctua interposita	Noctua interposita
Nomada argentata	Nomada argentata	Nomada argentata
Nomada atroscutellaris	Nomada atroscutellaris	Nomada atroscutellaris
Nomada basalis	Nomada basalis	Nomada basalis
Nomada kohli	Nomada kohli	Nomada kohli
Nomada leucophthalma	Nomada leucophthalma	Nomada leucophthalma
Nomada succincta	Nomada succincta	Nomada succincta
Nomada trapeziformis	Nomada trapeziformis	Nomada trapeziformis
Notacanthus bonaparte	Notacanthus bonaparte	Notacanthus bonaparte
Nothobranchius rachovii	Nothobranchius rachovii	Nothobranche de Rachov
Nothodiplax dendrophila	Nothodiplax dendrophila	Nothodiplax dendrophila
Nothotsuga longibracteata	Nothotsuga longibracteata	Nothotsuga longibracteata
Notobasis syriaca	Notobasis syriaca	Notobasis syriaca
Notomys fuscus	Dusky hopping mouse	Notomys fuscus
Numenius arquata	Eurasian Curlew	Courlis cendré
Numenius madagascariensis	Far Eastern Curlew	Courlis de Sibérie
Numenius minutus	Little Curlew	Courlis nain
Numenius phaeopus	Eurasian Whimbrel	Courlis corlieu
Numenius tahitiensis	Bristle-thighed Curlew	Courlis d'Alaska
Nuphar lutea	Nuphar lutea	Nénuphar jaune
Nuttalliella namaqua	Nuttalliella namaqua	Nuttalliella namaqua
Nyctereutes procyonoides	Nyctereutes procyonoides	Nyctereutes procyonoides
Ochlerotatus sticticus	Ochlerotatus sticticus	Ochlerotatus sticticus
Ochotona alpina	Alpine pika	Ochotona alpina
Ochotona koslowi	Koslov's pika	Pika de Kozlov
Octopus minor	Octopus minor	Octopus minor
Odontoscion eurymesops	Odontoscion eurymesops	Odontoscion eurymesops
Oenanthe oenanthe	Northern Wheatear	Traquet motteux
Oenothera biennis	Oenothera biennis	Onagre bisannuelle
Okapia johnstoni	Okapia johnstoni	okapi
Olea europaea	Olea europaea	olivier européen
Ondatra zibethicus	muskrat	rat musqué
Onosma echioides	Onosma echioides	Onosma echioides
Onychodactylus fischeri	Fischer's clawed salamander	Onychodactylus fischeri
Ophiodon elongatus	Lingcod	Ophiodon elongatus
Ophiophagus hannah	king cobra	Cobra royal
Oplurus fierinensis	Oplurus fierinensis	Oplurus fierinensis
Opuntia helleri	Opuntia helleri	Opuntia helleri
Opuntia stricta	Opuntia stricta	Opuntia stricta
Orcinus orca	Orcinus orca	orque
Orectolobus floridus	floral banded wobbegong	Orectolobus floridus
Orectolobus halei	gulf wobbegong	Orectolobus halei
Orectolobus hutchinsi	western wobbegong	Orectolobus hutchinsi
Orectolobus japonicus	Japanese wobbegong	Orectolobus japonicus
Orectolobus maculatus	spotted wobbegong	Orectolobus maculatus
Orectolobus ornatus	ornate wobbegong	Orectolobus ornatus
Orectolobus parvimaculatus	dwarf spotted wobbegong	Orectolobus parvimaculatus
Orectolobus reticulatus	Orectolobus reticulatus	Orectolobus reticulatus
Orectolobus wardi	northern wobbegong	Orectolobus wardi
Oreophrynella macconnelli	Oreophrynella macconnelli	Oreophrynella macconnelli
Oreophrynella nigra	Oreophrynella nigra	Oreophrynella nigra
Orgyia antiqua	Orgyia antiqua	Orgyia antiqua
Origanum majorana	marjoram	Origanum majorana
Orthonama vittata	Orthonama vittata	Orthonama vittata
Orthotrichum anomalum	Orthotrichum anomalum	Orthotrichum anomalum
Orycteropus afer	aardvark	oryctérope
Osmia steinmanni	Osmia steinmanni	Osmia steinmanni
Osmunda japonica	Osmunda japonica	Osmunda japonica
Osteochilus enneaporos	Osteochilus enneaporos	Osteochilus enneaporos
Ostrya rehderiana	Ostrya rehderiana	Ostrya rehderiana
Pachycalamus brevis	Pachycalamus brevis	Pachycalamus brevis
Pachycoccyx audeberti	Thick-billed Cuckoo	Coucou d'Audebert
Pachypodium baronii	Pachypodium baronii	Pachypodium baronii
Pachypodium rosulatum	Pachypodium rosulatum	Pachypodium rosulatum
Pachyuromys duprasi	Pachyuromys duprasi	Pachyuromys duprasi
Palpares libelluloides	Palpares libelluloides	Palpares libelluloides
Pan paniscus	Bonobo	Bonobo
Pandalus borealis	northern prawn	crevette nordique du Canada
Pandion haliaetus	osprey	balbuzard pêcheur
Pangasius sanitwongsei	giant pangasius	Pangasius sanitwongsei
Panolis flammea	Panolis flammea	Panolis flammea
Pantala hymenaea	Pantala hymenaea	Pantala hymenaea
Panthera leo	lion	lion
Panthera onca	jaguar	Jaguar
Panthera pardus	leopard	léopard
Panthera tigris	tiger	tigre
Papilio aegeus	Papilio aegeus	Papilio aegeus
Papilio clytia	Papilio clytia	papilio clytia
Papilio demodocus	Papilio demodocus	Papilio demodocus
Papuacedrus papuana	Papuacedrus papuana	Papuacedrus papuana
Parachromis managuensis	Parachromis managuensis	Parachromis managuensis
Paradarisa consonaria	Paradarisa consonaria	Paradarisa consonaria
Paradoxurus hermaphroditus	Paradoxurus hermaphroditus	Paradoxurus hermaphroditus
Paragonimus westermani	Paragonimus westermani	Paragonimus westermani
Parascyllium collare	Collared carpetshark	Parascyllium collare
Parascyllium elongatum	Elongate carpet shark	Parascyllium elongatum
Parascyllium ferrugineum	Parascyllium ferrugineum	Parascyllium ferrugineum
Parascyllium sparsimaculatum	ginger carpetshark	Parascyllium sparsimaculatum
Parascyllium variolatum	necklace carpetshark	Parascyllium variolatum
Parasitaxus usta	Parasitaxus usta	Parasitaxus usta
Paraswammerdamia lutarea	Paraswammerdamia lutarea	Paraswammerdamia lutarea
Pardofelis marmorata	Pardofelis marmorata	chat marbré
Parectropis similaria	Parectropis similaria	Parectropis similaria
Pareques acuminatus	Pareques acuminatus	Pareques acuminatus
Parmelia sulcata	Parmelia sulcata	Parmelia sulcata
Parus major	great tit	Mésange charbonnière
Pasites maculatus	Pasites maculatus	Pasites maculatus
Passer domesticus	House Sparrow	Moineau domestique
Passer montanus	Eurasian Tree Sparrow	Moineau friquet
Passiflora edulis	Passiflora edulis	grenadille
Passiflora incarnata	Passiflora incarnata	Passiflora incarnata
Passiflora tarminiana	Passiflora tarminiana	Passiflora tarminiana
Paucidentomys vermidax	Edented Sulawesi Rat	Paucidentomys vermidax
Peganum harmala	Peganum harmala	Peganum harmala
Pelecanus conspicillatus	Australian Pelican	Pélican à lunettes
Pelophylax esculentus	edible frog	Pelophylax kl. esculentus
Peltophorum dasyrhachis	Peltophorum dasyrhachis	Peltophorum dasyrrhachis
Penicillium roqueforti	Penicillium roqueforti	Penicillium roqueforti
Perdix perdix	Grey Partridge	Perdrix grise
Peribatodes ilicaria	Peribatodes ilicaria	Peribatodes ilicaria
Persea americana	Persea americana	avocatier
Persicaria capitata	Persicaria capitata	Persicaria capitata
Pestalotiopsis microspora	Pestalotiopsis microspora	Pestalotiopsis microspora
Petenia splendida	Petenia splendida	Petenia splendida
Petrogale assimilis	Allied rock-wallaby	Petrogale assimilis
Petroselinum crispum	parsley	persil
Phaeocollybia christinae	Phaeocollybia christinae	Phaeocollybia christinae
Phalacrocorax carbo	Great Cormorant	Grand Cormoran
Phalacrocorax fuscescens	Black-faced Cormorant	Cormoran de Tasmanie
Phalacrocorax varius	Australian Pied Cormorant	Cormoran varié
Phalanger matanim	Telefomin cuscus	Phalanger matanim
Phalanger mimicus	Southern common cuscus	Couscous commun du Sud
Phalangium opilio	Phalangium opilio	Phalangium opilio
Phallus impudicus	Phallus impudicus	Satyre puant
Phascolarctos cinereus	koala	koala
Phasianus colchicus	Common Pheasant	Faisan de Colchide
Philodromus margaritatus	Philodromus margaritatus	Philodromus margaritatus
Phoboscincus bocourti	terror skink	Phoboscincus bocourti
Phocoena phocoena	Phocoena phocoena	Marsouin commun
Phoebis philea	Phoebis philea	Phoebis philea
Phoenicolacerta laevis	Phoenicolacerta laevis	Phoenicolacerta laevis
Phoenicurus ochruros	Black Redstart	Phoenicurus ochruros
Phoenicurus phoenicurus	Common Redstart	Rougequeue à front blanc
Phoenix canariensis	Phoenix canariensis	Phoenix canariensis
Phoenix dactylifera	date palm	Phoenix dactylifera
Phyllium bioculatum	Phyllium bioculatum	Phyllium bioculatum
Phyllobates aurotaenia	Phyllobates aurotaenia	Phyllobates aurotaenia
Phyllobates bicolor	black-legged dart frog	Phyllobates bicolor
Phyllotis osgoodi	Osgood's leaf-eared mouse	Phyllotis osgoodi
Physalis crassifolia	Physalis crassifolia	Physalis crassifolia
Physarum polycephalum	Physarum polycephalum	Physarum polycephalum
Phytophthora infestans	Phytophthora infestans	Phytophthora infestans
Pica pica	Eurasian Magpie	pie bavarde
Picea glauca	Picea glauca	Épinette blanche
Pieris brassicae	Pieris brassicae	Pieris brassicae
Pieris rapae	Pieris rapae	Piéride de la rave
Pierrebraunia bahiensis	Pierrebraunia bahiensis	Pierrebraunia bahiensis
Pilgerodendron uviferum	Pilgerodendron uviferum	Pilgerodendron uviferum
Pimelodus pintado	Pimelodus pintado	Pimelodus pintado
Pimelodus platicirris	Pimelodus platicirris	Pimelodus platicirris
Pimelodus pohli	Pimelodus pohli	Pimelodus pohli
Pimelodus punctatus	Pimelodus punctatus	Pimelodus punctatus
Pimelodus stewarti	Pimelodus stewarti	Pimelodus stewarti
Pimelodus tetramerus	Pimelodus tetramerus	Pimelodus tetramerus
Pinguipes brasilianus	Brazilian sandperch	Pinguipes brasilianus
Pinirampus pirinampu	Pinirampus pirinampu	Pinirampus pirinampu
Pinus edulis	Pinus edulis	Pinus edulis
Pinus palustris	Pinus palustris	Pin des marais
Pinus pinea	Pinus pinea	Pin parasol
Pinus strobus	Pinus strobus	Pinus strobus
Pipistrellus raceyi	Pipistrellus raceyi	Pipistrellus raceyi
Pistacia vera	Pistacia vera	pistachier
Pithecheirops otion	Pithecheirops otion	Pithecheirops otion
Plagiomnium affine	Plagiomnium affine	Plagiomnium affine
Plantago major	Plantago major	Grand plantain
Plantago maritima	Plantago maritima	Plantain maritime
Plantago media	Plantago media	Plantain intermédiaire
Platalina genovensium	Long-snouted bat	Platalina genovensium
Plathemis lydia	common whitetail	Plathemis lydia
Platyla polita	Platyla polita	Platyla polita
Platynematichthys notatus	Platynematichthys notatus	Platynematichthys notatus
Platyrrhinus helleri	Heller's broad-nosed bat	Platyrrhinus helleri
Platystomatichthys sturio	Platystomatichthys sturio	platystomatichthys sturio
Plectrophenax nivalis	Snow Bunting	Bruant des neiges
Plecturocebus vieirai	Vieira's titi	Plecturocebus vieirai
Pleomassaria siparia	Pleomassaria siparia	Pleomassaria siparia
Plesiothele fentoni	Plesiothele fentoni	Plesiothele fentoni
Pleuronectes platessa	Pleuronectes platessa	Pleuronectes platessa
Plocosperma buxifolium	Plocosperma buxifolium	Plocospermataceae
Plowmania nyctaginoides	Plowmania nyctaginoides	Plowmania nyctaginoides
Pluvialis apricaria	European Golden Plover	Pluvier doré
Pluvialis fulva	Pacific Golden Plover	Pluvier fauve
Pluvialis squatarola	Grey Plover	Pluvier argenté
Podiceps cristatus	Great Crested Grebe	grèbe huppé
Pohlia melanodon	Pohlia melanodon	Pohlia melanodon
Polyacanthonotus rissoanus	Polyacanthonotus rissoanus	Polyacanthonotus rissoanus
Polyommatus daphnis	Polyommatus daphnis	Azuré de l'orobe
Polypera simushirae	Polypera simushirae	Polypera simushirae
Polytrichum piliferum	Polytrichum piliferum	Polytrichum piliferum
Populus tremula	Populus tremula	Tremble
Porcellio albinus	Porcellio albinus	Porcellio albinus
Porcellio dilatatus	Porcellio dilatatus	Porcellio dilatatus
Porcellio ferroi	Porcellio ferroi	Porcellio ferroi
Porcellio monticola	Porcellio monticola	Porcellio monticola
Porcellio obsoletus	Porcellio obsoletus	Porcellio obsoletus
Porcellio scaber	Porcellio scaber	Cloporte rugueux
Porcellio spinicornis	Porcellio spinicornis	Porcellio spinicornis
Porcellio spinipennis	Porcellio spinipennis	Porcellio spinipennis
Pradosia atroviolacea	Pradosia atroviolacea	Pradosia atroviolacea
Pradosia cuatrecasasii	Pradosia cuatrecasasii	Pradosia cuatrecasasii
Pradosia decipiens	Pradosia decipiens	Pradosia decipiens
Pradosia kuhlmannii	Pradosia kuhlmannii	Pradosia kuhlmannii
Praematoliparis anarthractae	Praematoliparis anarthractae	Praematoliparis anarthractae
Pratylenchus penetrans	Pratylenchus penetrans	Pratylenchus penetrans
Primula stricta	Primula stricta	Primula stricta
Prionace glauca	Prionace glauca	Requin bleu
Pristimantis xylochobates	Pristimantis xylochobates	Pristimantis xylochobates
Pristis perotteti	large-tooth sawfish	Pristis perotteti
Probosciger aterrimus	Palm Cockatoo	Cacatoès noir
Procelsterna albivitta	Procelsterna albivitta	Noddi gris
Procelsterna cerulea	Blue Noddy	Noddi bleu
Prognatholiparis ptychomandibularis	Prognatholiparis ptychomandibularis	Prognatholiparis ptychomandibularis
Propimelodus araguayae	Propimelodus araguayae	Propimelodus araguayae
Propimelodus caesius	Propimelodus caesius	Propimelodus caesius
Prosopocoilus astacoides	Prosopocoilus astacoides	Prosopocoilus astacoides
Protanguilla palau	Protanguilla palau	Protanguilla palau
Protobothrops mangshanensis	Protobothrops mangshanensis	Protobothrops mangshanensis
Protochromys fellowsi	Red-bellied Mosaic-tailed Rat	Protochromys fellowsi
Protoschinia scutosa	Schinia nuchalis	Protoschinia scutosa
Prototroctes maraena	Australian grayling	Prototroctes maraena
Prunella modularis	Dunnock	Accenteur mouchet
Prunus armeniaca	Prunus armeniaca	abricotier
Prunus maximowiczii	Prunus maximowiczii	Prunus maximowiczii
Prunus persica	Prunus persica	pêcher
Psalmopoeus irminia	Venezuelan suntiger	Psalmopoeus irminia
Psednos andriashevi	Psednos andriashevi	Psednos andriashevi
Psednos anoderkes	Psednos anoderkes	Psednos anoderkes
Psednos balushkini	Psednos balushkini	Psednos balushkini
Psednos barnardi	Psednos barnardi	Psednos barnardi
Psednos carolinae	Psednos carolinae	Psednos carolinae
Psednos cathetostomus	Psednos cathetostomus	Psednos cathetostomus
Psednos christinae	Psednos christinae	Psednos christinae
Psednos delawarei	Psednos delawarei	Psednos delawarei
Psednos dentatus	Psednos dentatus	Psednos dentatus
Psednos gelatinosus	Psednos gelatinosus	Psednos gelatinosus
Psednos griseus	Psednos griseus	Psednos griseus
Psednos groenlandicus	Psednos groenlandicus	Psednos groenlandicus
Psednos harteli	Psednos harteli	Psednos harteli
Psednos islandicus	Psednos islandicus	Psednos islandicus
Psednos melanocephalus	Psednos melanocephalus	Psednos melanocephalus
Psednos mexicanus	Psednos mexicanus	Psednos mexicanus
Psednos microps	Psednos microps	Psednos microps
Psednos micruroides	Psednos micruroides	Psednos micruroides
Psednos micrurus	Psednos micrurus	Psednos micrurus
Psednos mirabilis	Psednos mirabilis	Psednos mirabilis
Psednos nataliae	Psednos nataliae	Psednos nataliae
Psednos pallidus	Psednos pallidus	Psednos pallidus
Psednos sargassicus	Psednos sargassicus	Psednos sargassicus
Psednos spirohira	Psednos spirohira	Psednos spirohira
Psednos steini	Psednos steini	Psednos steini
Pseudacris crucifer	Spring Peeper	Pseudacris crucifer
Pseudantechinus bilarni	Sandstone Dibbler	Pseudantechinus bilarni
Pseudantechinus macdonnellensis	Fat-tailed False Antechinus	Pseudantechinus macdonnellensis
Pseudantechinus mimulus	Alexandria false antechinus	Pseudantechinus mimulus
Pseudantechinus roryi	Rory Cooper's False Antechinus	Pseudantechinus roryi
Pseudantechinus woolleyae	Woolley's False Antechinus	Pseudantechinus woolleyae
Pseudargyrotoza conwagana	Pseudargyrotoza conwagana	Pseudargyrotoza conwagana
Pseudeuophrys erratica	Pseudeuophrys erratica	Pseudeuophrys erratica
Pseudocyttus maculatus	Pseudocyttus maculatus	Pseudocyttus maculatus
Pseudogobiopsis tigrellus	Tiger goby	Pseudogobiopsis tigrellus
Pseudolais pleurotaenia	Pseudolais pleurotaenia	Pseudolais pleurotaenia
Pseudomonas aeruginosa	Pseudomonas aeruginosa	Pseudomonas aeruginosa
Pseudomonas fluorescens	Pseudomonas fluorescens	Pseudomonas fluorescens
Pseudomys johnsoni	Central pebble-mound mouse	Pseudomys johnsoni
Pseudoplatystoma corruscans	Pseudoplatystoma corruscans	Pseudoplatystoma corruscans
Pseudoplatystoma magdaleniatum	Pseudoplatystoma magdaleniatum	pseudoplatystoma magdaleniatum
Pseudoplatystoma metaense	Pseudoplatystoma metaense	pseudoplatystoma metaense
Pseudosphinx tetrio	Pseudosphinx tetrio	Pseudosphinx tetrio
Pseudotaxus chienii	Pseudotaxus chienii	Pseudotaxus chienii
Pseudotrichonotus altivelis	Pseudotrichonotus altivelis	Pseudotrichonotus altivelis
Pseudotropheus socolofi	Pindani	Pseudotropheus socolofi
Pseudotsuga menziesii	Pseudotsuga menziesii	Pseudotsuga menziesii
Psilocybe puberula	Psilocybe puberula	Psilocybe puberula
Psilocybe silvatica	Psilocybe silvatica	Psilocybe silvatica
Psittrichas fulgidus	Pesquet's Parrot	Psittrichas de Pesquet
Psychotria viridis	Psychotria viridis	Psychotria viridis
Psychrolutes marcidus	Psychrolutes marcidus	Blobfish
Psychrolutes phrictus	Blob sculpin	Psychrolutes phrictus
Pterapherapteryx sexalata	Pterapherapteryx sexalata	phalène à six ailes
Pterinochilus murinus	Pterinochilus murinus	Pterinochilus murinus
Pterocles exustus	Chestnut-bellied Sandgrouse	Ganga à ventre brun
Pterocles gutturalis	Yellow-throated Sandgrouse	Ganga à gorge jaune
Pterocles namaqua	Namaqua Sandgrouse	Ganga namaqua
Pterocles senegallus	Spotted Sandgrouse	Ganga tacheté
Pterophyllum altum	Pterophyllum altum	Pterophyllum altum
Pteropus aruensis	Pteropus aruensis	Pteropus aruensis
Pteropus rufus	Pteropus rufus	Pteropus rufus
Pteropus seychellensis	Pteropus seychellensis	Pteropus seychellensis
Pterospermum acerifolium	Pterospermum acerifolium	Pterospermum acerifolium
Ptychocheilus oregonensis	Northern pikeminnow	Ptychocheilus oregonensis
Ptychozoon rhacophorus	Sabah flying gecko	Ptychozoon rhacophorus
Puccinellia maritima	Puccinellia maritima	Puccinellia maritima
Puccinia emaculata	Puccinia emaculata	Puccinia emaculata
Puccinia poarum	Puccinia poarum	Puccinia poarum
Puccinia recondita	Puccinia recondita	Puccinia recondita
Pulsatilla pratensis	Pulsatilla pratensis	Pulsatilla pratensis
Puma concolor	cougar	Puma
Punica granatum	pomegranate	grenadier commun
Pusa sibirica	Baikal Seal	phoque de Sibérie
Puya alpestris	Puya alpestris	Puya alpestris
Puya chilensis	Puya chilensis	Puya chilensis
Puya raimondii	Puya Raymondi violadora	Puya raimondii
Pygoderma bilabiatum	Ipanema Bat	Pygoderma bilabiatum
Pyrausta cingulata	Pyrausta cingulata	Pyrausta cingulata
Pyrilia aurantiocephala	Bald Parrot	Caïque chauve
Pyrrhula pyrrhula	Eurasian Bullfinch	bouvreuil pivoine
Pyrus communis	Pyrus communis	poirier commun
Raja binoculata	big skate	Raja binoculata
Ramphastos sulfuratus	Keel-billed Toucan	Toucan à carène
Ramphocelus nigrogularis	Masked Crimson Tanager	Tangara masqué
Ranitomeya imitator	Mimic poison frog	Ranitomeya imitator
Raphanus raphanistrum	Raphanus raphanistrum	Raphanus raphanistrum
Rattus rattus	Rattus rattus	Rattus rattus
Rattus tiomanicus	Rattus tiomanicus	Rattus tiomanicus
Rauhocereus riosaniensis	Rauhocereus riosaniensis	Rauhocereus riosaniensis
Recurvirostra avosetta	Pied Avocet	Recurvirostra avosetta
Regulus ignicapilla	Regulus ignicapilla	Roitelet à triple bandeau
Regulus regulus	Goldcrest	Roitelet huppé
Retzia capensis	Retzia capensis	Retzia capensis
Rhaphidura leucopygialis	Silver-rumped Spinetail	Martinet leucopyge
Rheum rhabarbarum	rhubarb	rhubarbe
Rhinanthus minor	Rhinanthus minor	Rhinanthus minor
Rhincodon typus	whale shark	Requin-baleine
Rhinoceros unicornis	Indian rhinoceros	Rhinocéros indien
Rhinopithecus avunculus	Rhinopithecus avunculus	Rhinopithèque du Tonkin
Rhipsalis paradoxa	Rhipsalis paradoxa	Rhipsalis paradoxa
Rhipsalis pilocarpa	Rhipsalis pilocarpa	Rhipsalis pilocarpa
Rhodospirillum rubrum	Rhodospirillum rubrum	Rhodospirillum rubrum
Rhodotypos scandens	Rhodotypos scandens	Rhodotypos scandens
Rhoiptelea chiliantha	Rhoiptelea chiliantha	Rhoiptelea chiliantha
Rhopalura elongata	Rhopalura elongata	Rhopalura elongata
Rhopalura granosa	Rhopalura granosa	Rhopalura granosa
Rhopalura litoralis	Rhopalura litoralis	Rhopalura litoralis
Rhopalura ophiocomae	Rhopalura ophiocomae	Rhopalura ophiocomae
Rhus typhina	Rhus typhina	sumac vinaigrier
Rhyticeros undulatus	Wreathed Hornbill	Calao festonné
Rhytidiadelphus squarrosus	Rhytidiadelphus squarrosus	Rhytidiadelphus squarrosus
Ribes alpinum	Ribes alpinum	Ribes alpinum
Riccia fluitans	Riccia fluitans	Riccia fluitans
Rieppeleon brevicaudatus	Rieppeleon brevicaudatus	Rieppeleon brevicaudatus
Riftia pachyptila	Giant tube worm	Riftia pachyptila
Riparia riparia	Sand Martin	Hirondelle de rivage
Rissa tridactyla	Black-legged Kittiwake	Mouette tridactyle
Rocio octofasciata	Rocio octofasciata	Rocio octofasciata
Rohdea japonica	Rohdea japonica	Rohdea japonica
Rosa canina	Rosa canina	Rosa canina
Rosa cymosa	Rosa cymosa	Rosa cymosa
Rosa moschata	Rosa moschata	Rosa moschata
Rosa multiflora	Rosa multiflora	Rosa multiflora
Rosa pendulina	Rosa pendulina	rosier des Alpes
Rostratula benghalensis	Greater Painted-snipe	Rhynchée peinte
Roystonea altissima	Roystonea altissima	Roystonea altissima
Roystonea borinquena	Roystonea borinquena	Roystonea borinquena
Roystonea oleracea	Roystonea oleracea	Roystonea oleracea
Rumex acetosa	Rumex acetosa	Oseille commune
Russula adulterina	Russula adulterina	Russula adulterina
Russula atroglauca	Russula atroglauca	Russula atroglauca
Russula laricina	Russula laricina	Russula laricina
Russula maculata	Russula maculata	Russula maculata
Russula nitida	Russula nitida	Russula nitida
Russula pallidospora	Russula pallidospora	Russula pallidospora
Russula pseudodelica	Russula pseudodelica	Russula pseudodelica
Russula rhodopus	Russula rhodopus	Russula rhodopus
Ruta graveolens	Ruta graveolens	Ruta graveolens
Rynchops flavirostris	African skimmer	Bec-en-ciseaux d'Afrique
Salamandra salamandra	fire salamander	Salamandra salamandra
Salicornia europaea	Salicornia europaea	Salicorne d'Europe
Salix repens	Salix repens	Salix repens
Salmo nigripinnis	Salmo nigripinnis	Salmo nigripinnis
Salvadora persica	Salvadora persica	Salvadora persica
Sambucus nigra	Sambucus nigra	Sambucus nigra
Sansevieria forskaliana	Sansevieria forskaoliana	Sansevieria forskaoliana
Sansevieria kirkii	Sansevieria kirkii	Sansevieria kirkii
Saponaria officinalis	Saponaria officinalis	Saponaire officinale
Satanoperca mapiritensis	Satanoperca mapiritensis	Satanoperca mapiritensis
Satanoperca pappaterra	Satanoperca pappaterra	Satanoperca pappaterra
Satureja hortensis	Satureja hortensis	Satureja hortensis
Saxatilomys paulinae	Saxatilomys paulinae	Saxatilomys paulinae
Saxifraga cernua	Saxifraga cernua	Saxifraga cernua
Scathophaga stercoraria	Scathophaga stercoraria	Scatophage du fumier
Scenopoeetes dentirostris	Tooth-billed Bowerbird	Jardinier à bec denté
Scheuchzeria palustris	Scheuchzeria palustris	Scheuchzeria palustris
Schilbe mystus	African Butter Catfish	Schilbe mystus
Schinia cognata	Schinia cognata	Schinia cognata
Schinia rivulosa	Schinia rivulosa	Schinia rivulosa
Scilla morrisii	Scilla morrisii	Scilla morrisii
Scinax acuminatus	Scinax acuminatus	Scinax acuminatus
Scinax agilis	Scinax agilis	Scinax agilis
Scinax alcatraz	Ololygon alcatraz	Scinax alcatraz
Scinax arduous	Scinax arduous	Scinax arduous
Scinax constrictus	Scinax constrictus	Scinax constrictus
Scinax eurydice	Scinax eurydice	Scinax eurydice
Scinax flavoguttatus	Scinax flavoguttatus	Scinax flavoguttatus
Scinax funereus	Scinax funereus	Scinax funereus
Scinax nasicus	Scinax nasicus	Scinax nasicus
Sciurus vulgaris	Eurasian Red Squirrel	écureuil roux
Sclerocactus mesae-verdae	Mesa Verde cactus	Sclerocactus mesae-verdae
Scleronycteris ega	Ega Long-tongued Bat	Scleronycteris ega
Scoliopteryx libatrix	Scoliopteryx libatrix	Découpure
Scolopax rusticola	Eurasian Woodcock	Bécasse des bois
Scolytus mali	Scolytus mali	Scolytus mali
Scyliorhinus canicula	Scyliorhinus canicula	Scyliorhinus canicula
Scyliorhinus stellaris	nursehound	Scyliorhinus stellaris
Secale cereale	Secale cereale	seigle
Sedum acre	Sedum acre	Orpin âcre
Segestria florentina	Segestria florentina	Ségestrie florentine
Senna siamea	Senna siamea	Senna siamea
Serrasalmus elongatus	Serrasalmus elongatus	Serrasalmus elongatus
Serratia marcescens	Serratia marcescens	Serratia marcescens
Serripes groenlandicus	Serripes groenlandicus	Serripes groenlandicus
Setchellanthus caeruleus	Setchellanthus caeruleus	Setchellanthus caeruleus
Silene latifolia	Silene latifolia	Silene latifolia
Sinapis alba	Sinapis alba	Sinapis alba
Sinapis arvensis	Sinapis arvensis	Moutarde des champs
Sitta europaea	Eurasian Nuthatch	Sittelle torchepot
Sminthopsis bindi	Kakadu dunnart	Sminthopsis bindi
Sminthopsis douglasi	Julia Creek Dunnart	Sminthopsis douglasi
Sminthopsis hirtipes	Hairy-footed Dunnart	Sminthopsis hirtipes
Sminthopsis macroura	Stripe-faced Dunnart	Sminthopsis macroura
Sminthopsis psammophila	sandhill dunnart	Souris marsupiale du désert
Solanum abutiloides	Solanum abutiloides	Solanum abutiloides
Solanum glaucophyllum	Solanum glaucophyllum	Solanum glaucophyllum
Solanum lycopersicum	tomato	tomate
Solanum melongena	Solanum melongena	aubergine
Solanum nigrum	Solanum nigrum	morelle noire
Solanum pseudolulo	Solanum pseudolulo	Solanum pseudolulo
Solanum tuberosum	potato	pomme de terre
Solanum vescum	Solanum vescum	Solanum vescum
Solea solea	common sole	sole commune
Somateria mollissima	Common Eider	Eider à duvet
Somatochlora calverti	Somatochlora calverti	Somatochlora calverti
Sommeromys macrorhinos	Sommer's Sulawesi Rat	Sommeromys macrorhinos
Sonorolux fluminis	Sonorolux fluminis	Sonorolux fluminis
Sorbus aucuparia	Sorbus aucuparia	Sorbus aucuparia
Sorbus intermedia	Sorbus intermedia	Sorbus intermedia
Sorubim cuspicaudus	Sorubim cuspicaudus	Sorubim cuspicaudus
Sorubim elongatus	Sorubim elongatus	Sorubim elongatus
Sorubim lima	Sorubim lima	Sorubim lima
Sorubim trigonocephalus	Sorubim trigonocephalus	Sorubim trigonocephalus
Sorubimichthys planiceps	Firewood catfish	Sorubimichthys planiceps
Spalax microphthalmus	Greater mole rat	Spalax microphthalmus
Sparassis crispa	Sparassis crispa	Sparassis crépu
Sphaerodactylus elegans	Sphaerodactylus elegans	Sphaerodactylus elegans
Sphaerodactylus fantasticus	Fantastic Least Gecko	Sphaerodactylus fantasticus
Sphagnum capillifolium	Sphagnum capillifolium	Sphagnum capillifolium
Sphagnum cuspidatum	Sphagnum cuspidatum	Sphagnum cuspidatum
Sphagnum fuscum	Sphagnum fuscum	Sphagnum fuscum
Sphagnum magellanicum	Sphagnum magellanicum	Sphaigne de Magellan
Spheciospongia vesparium	Spheciospongia vesparium	Spheciospongia vesparium
Sphinx canadensis	Sphinx canadensis	Sphinx canadensis
Sphinx chisoya	Sphinx chisoya	Sphinx chisoya
Sphinx franckii	Sphinx franckii	Sphinx franckii
Sphinx maurorum	Sphinx maurorum	Sphinx maurorum
Sphinx sequoiae	Sphinx sequoiae	Sphinx sequoiae
Sphyraena obtusata	Obtuse barracuda	Sphyraena obtusata
Spialia doris	Spialia doris	Hespérie saoudienne
Spialia phlomidis	Spialia phlomidis	Hespérie des phlomides
Spilostethus pandurus	Spilostethus pandurus	Spilostethus pandurus
Spinacia oleracea	Spinacia oleracea	épinard
Spongiforma squarepantsii	Spongiforma squarepantsii	Spongiforma squarepantsii
Stegobium paniceum	Stegobium paniceum	Vrillette du pain
Steindachneria argentea	Steindachneria argentea	Steindachneria argentea
Steindachneridion amblyurum	Steindachneridion amblyurum	steindachneridion amblyurum
Steindachneridion doceanum	Steindachneridion doceanum	Steindachneridion doceanum
Steindachneridion melanodermatum	Steindachneridion melanodermatum	Steindachneridion melanodermatum
Steindachneridion parahybae	Steindachneridion parahybae	Steindachneridion parahybae
Stellifer stellifer	Stellifer stellifer	Stellifer stellifer
Stenocereus eruca	Stenocereus eruca	Stenocereus eruca
Stercorarius antarcticus	Brown Skua	Labbe antarctique
Sterna hirundo	Common Tern	Sterna hirundo
Sterna paradisaea	Arctic Tern	Sterne arctique
Sternula antillarum	Least Tern	Petite Sterne
Stipecampus cristatus	Stipecampus cristatus	Stipecampus cristatus
Stoecharthrum burresoni	Stoecharthrum burresoni	Stoecharthrum burresoni
Stoecharthrum fosterae	Stoecharthrum fosterae	Stoecharthrum fosterae
Streblus asper	Streblus asper	Streblus asper
Streptococcus agalactiae	Streptococcus agalactiae	Streptococcus agalactiae
Streptococcus salivarius	Streptococcus salivarius	Streptococcus salivarius
Strix aluco	tawny owl	Chouette hulotte
Sturnus contra	Sturnus contra	Étourneau pie
Sturnus vulgaris	Common Starling	Étourneau sansonnet
Stygiomedusa gigantea	Stygiomedusa gigantea	Stygiomedusa gigantea
Stylephorus chordatus	Tube-eye	Stylephorus chordatus
Sula granti	Nazca Booby	Fou de Grant
Sutorectus tentaculatus	cobbler wobbegong	Sutorectus tentaculatus
Swima bombiviridis	Swima bombiviridis	Swima bombiviridis
Sylvia communis	Sylvia communis	Sylvia communis
Sylvilagus cognatus	Manzano mountain cottontail	Sylvilagus cognatus
Sylvilagus obscurus	Appalachian cottontail	Sylvilagus obscurus
Sympistis funebris	Sympistis funebris	Sympistis funebris
Synchiropus splendidus	Mandarinfish	Synchiropus splendidus
Syndemis musculana	Syndemis musculana	Syndemis musculana
Synodontis grandiops	Synodontis grandiops	Synodontis grandiops
Synodontis petricola	Synodontis petricola	Synodontis petricola
Syrrhaptes paradoxus	Pallas’s Sandgrouse	Syrrhapte paradoxal
Syzygium aqueum	Syzygium aqueum	Syzygium aqueum
Syzygium aromaticum	clove	Giroflier
Syzygium jambos	Syzygium jambos	Syzygium jambos
Syzygium malaccense	Syzygium malaccense	Jambosier rouge
Syzygium phaeophyllum	Syzygium phaeophyllum	Syzygium phaeophyllum
Tabanus sudeticus	dark giant horsefly	Tabanus sudeticus
Tabernanthe iboga	Tabernanthe iboga	Iboga
Tachybaptus ruficollis	Little Grebe	Grèbe castagneux
Tacinga funalis	Tacinga funalis	Tacinga funalis
Tacinga inamoena	Tacinga inamoena	Tacinga inamoena
Tacinga saxatilis	Tacinga saxatilis	Tacinga saxatilis
Tadorna tadorna	Common Shelduck	Tadorne de Belon
Taenaris urania	Taenaris urania	Taenaris urania
Takakia ceratophylla	Takakia ceratophylla	Takakia ceratophylla
Tamarindus indica	Tamarindus indica	Tamarinier
Tanacetum vulgare	Tanacetum vulgare	Tanaisie commune
Tanysiptera riedelii	Biak Paradise Kingfisher	Martin-chasseur de Biak
Taphozous mauritianus	Mauritian Tomb Bat	Taphien de Maurice
Taxodium distichum	Taxodium distichum	Taxodium distichum
Tectona grandis	Tectona grandis	Tectona grandis
Teleiopsis bagriotella	Teleiopsis bagriotella	Teleiopsis bagriotella
Teleocichla cinderella	Teleocichla cinderella	Teleocichla cinderella
Terminalia paniculata	Terminalia paniculata	Terminalia paniculata
Tetrao urogallus	Western capercaillie	Grand Tétras
Tetrapturus georgii	Roundscale spearfish	Tetrapturus georgii
Teucrium fruticans	Teucrium fruticans	Teucrium fruticans
Thalasseus bergii	Greater Crested Tern	Sterne huppée
Thalasseus sandvicensis	Sandwich Tern	Sterne caugek
Thalassophis anomalus	Thalassophis anomalus	Thalassophis anomalus
Thanatephorus cucumeris	Thanatephorus cucumeris	Rhizoctone brun
Thaumoctopus mimicus	Thaumoctopus mimicus	pieuvre mimétique
Theretra alecto	Theretra alecto	Deiléphile candiote
Theretra boisduvalii	Theretra boisduvalii	Theretra boisduvalii
Thermichthys hollisi	Thermichthys hollisi	Thermichthys hollisi
Tholera cespitis	Tholera cespitis	Tholera cespitis
Tholera decimalis	Tholera decimalis	Tholera decimalis
Thomisus onustus	Thomisus onustus	Thomisus onustus
Thorichthys meeki	firemouth cichlid	Thorichthys meeki
Thymallus arcticus	Arctic grayling	Ombre Arctique
Thymus vulgaris	Thymus vulgaris	Thymus vulgaris
Thyreobaeus scutiger	Thyreobaeus scutiger	Thyreobaeus scutiger
Tilia platyphyllos	Tilia platyphyllos	Tilleul à grandes feuilles
Timalia pileata	Timalia pileata	Timalie coiffée
Tinca tinca	tench	Tanche
Tipula paludosa	Tipula paludosa	Tipula paludosa
Tockus flavirostris	Eastern Yellow-billed Hornbill	Calao à bec jaune
Todiramphus chloris	Collared Kingfisher	Martin-chasseur à collier blanc
Todiramphus sanctus	Sacred Kingfisher	Martin-chasseur sacré
Toxocara canis	Toxocara canis	ascaris du chien
Toxoplasma gondii	Toxoplasma gondii	Toxoplasma gondii
Trachinotus baillonii	Smallspotted dart	Pompaneau muscadin
Tramea carolina	Tramea carolina	Tramea carolina
Tramea insularis	Tramea insularis	Tramea insularis
Tramea lacerata	Black Saddlebags	Tramea lacerata
Tramea onusta	Red-mantled Saddlebags	Tramea onusta
Tremella mesenterica	Tremella mesenterica	Trémelle mésentérique
Trevoa quinquenervia	Trevoa quinquenervia	Trevoa quinquenervia
Triakis maculata	spotted houndshark	Triakis maculata
Triatoma infestans	Triatoma infestans	Vinchuca
Trichiocercus sparshalli	Trichiocercus sparshalli	Trichiocercus sparshalli
Trichopteryx carpinata	Trichopteryx carpinata	phalène du charme
Trichopteryx polycommata	Trichopteryx polycommata	phalène du troène
Trigonella foenum-graecum	Trigonella foenum-graecum	Fenugrec
Trimeresurus insularis	Trimeresurus insularis	Trimeresurus insularis
Tringa erythropus	Spotted Redshank	Chevalier arlequin
Tringa flavipes	Lesser Yellowlegs	Petit Chevalier
Tringa glareola	Wood Sandpiper	Chevalier sylvain
Tringa nebularia	Common Greenshank	Chevalier aboyeur
Tringa totanus	Common Redshank	Chevalier gambette
Triops cancriformis	Triops cancriformis	Triops cancriformis
Triops longicaudatus	Triops longicaudatus	Triops longicaudatus
Triplofusus giganteus	Triplofusus giganteus	Pleuroploca gigantea
Trochetia boutoniana	Trochetia boutoniana	Trochetia boutoniana
Trochetia parviflora	Trochetia parviflora	Trochetia parviflora
Troglodiplura lowryi	Troglodiplura lowryi	Troglodiplura lowryi
Troglodytes troglodytes	Troglodytes troglodytes	Troglodyte mignon
Trogloraptor marchingtoni	Trogloraptor marchingtoni	Trogloraptor marchingtoni
Trogonophis wiegmanni	Checkerboard worm lizard	Trogonophis wiegmanni
Trogonoptera brookiana	Trogonoptera brookiana	Troides brookiana
Tropheus moorii	Tropheus moorii	Tropheus moorii
Trypanosoma brucei	Trypanosoma brucei	Trypanosoma brucei
Trypanosoma evansi	Trypanosoma evansi	Trypanosoma evansi
Tuber mesentericum	Tuber mesentericum	Tuber mesentericum
Tubifex tubifex	Tubifex tubifex	Tubifex
Tulostoma kotlabae	Tulostoma kotlabae	Tulostoma kotlabae
Tunga penetrans	Chigoe flea	Tunga penetrans
Turbinicarpus alonsoi	Turbinicarpus alonsoi	Turbinicarpus alonsoi
Turbinicarpus gielsdorfianus	Turbinicarpus gielsdorfianus	Turbinicarpus gielsdorfianus
Turbinicarpus saueri	Turbinicarpus saueri	Turbinicarpus saueri
Turdus atrogularis	Black-throated Thrush	grive à gorge noire
Turdus merula	Common Blackbird	Merle noir
Turdus mupinensis	Chinese Thrush	Grive de Verreaux
Turdus philomelos	Song Thrush	Grive musicienne
Turdus pilaris	Fieldfare	Grive litorne
Turdus torquatus	Ring Ouzel	Merle à plastron
Turnix sylvaticus	Common Buttonquail	Turnix d'Andalousie
Tussilago farfara	Tussilago farfara	Tussilage
Tuta absoluta	Tuta absoluta	Mineuse sud-américaine de la tomate
Tympanuchus cupido	Greater Prairie Chicken	Tétras des prairies
Tympanuchus pallidicinctus	Lesser Prairie Chicken	Tétras pâle
Tympanuchus phasianellus	Sharp-tailed Grouse	Tétras à queue fine
Tyto alba	Western Barn Owl	Effraie des clochers
Udea lutealis	Udea lutealis	Udea lutealis
Umbrina cirrosa	Umbrina cirrosa	Umbrina cirrosa
Upupa epops	Eurasian Hoopoe	Huppe fasciée
Urania leilus	Urania leilus	Urania leilus
Uria aalge	Common Murre	Guillemot de Troïl
Urocissa caerulea	Taiwan Blue Magpie	Pirolle de Taiwan
Uromys emmae	Emma's giant rat	Uromys emmae
Uromys imperator	Emperor rat	Uromys imperator
Uromys porculus	Guadalcanal rat	Uromys porculus
Uromys siebersi	Great Key Island giant rat	Uromys siebersi
Ursus arctos	brown bear	Ours brun
Urtica urens	Urtica urens	Urtica urens
Utricularia humboldtii	Utricularia humboldtii	Utricularia humboldtii
Vaccinium ovalifolium	Vaccinium ovalifolium	Vaccinium ovalifolium
Vaccinium vitis-idaea	Vaccinium vitis-idaea	airelle rouge
Vanda coerulea	Vanda coerulea	Vanda coerulea
Vanellus vanellus	Northern Lapwing	Vanneau huppé
Varanus komodoensis	Komodo dragon	dragon de Komodo
Venturia compacta	Venturia compacta Wahl, 1987	Venturia compacta
Vestia foetida	Vestia foetida	Vestia foetida
Vibrio vulnificus	Vibrio vulnificus	Vibrio vulnificus
Viburnum opulus	Viburnum opulus	Viorne obier
Vicia sativa	Vicia sativa	Vesce commune
Vicia sepium	Vicia sepium	Vesce des haies
Vicugna pacos	alpaca	alpaga
Vinciguerria nimbaria	Oceanic lightfish	Vinciguerria nimbaria
Vulpes lagopus	Arctic fox	renard polaire
Vulpes vulpes	red fox	renard roux
Welwitschia mirabilis	Welwitschia mirabilis	Welwitschia mirabilis
Woollsia pungens	Woollsia pungens	Woollsia
Wunderpus photogenicus	Wunderpus photogenicus	Wunderpus photogenicus
Xenus cinereus	Terek Sandpiper	Chevalier bargette
Xysticus lanio	Xysticus lanio	Xysticus lanio
Yersinia enterocolitica	Yersinia enterocolitica	Yersinia enterocolitica
Yersinia pseudotuberculosis	Yersinia pseudotuberculosis	Yersinia pseudotuberculosis
Yucca pallida	Yucca pallida	Yucca pallida
Zanclostomus javanicus	red-billed malkoha	Malcoha javanais
Zaprora silenus	prowfish	Zaprora silenus
Zeus faber	Zeus faber	Zeus faber
Zingiber officinale	ginger	gingembre
Zoarces viviparus	Viviparous eelpout	Blennie vivipare
Zostera marina	Zostera marina	zostère marine
Zosterops griseovirescens	Annobón White-eye	Zosterops griseovirescens
Zu cristatus	Scalloped ribbonfish	Zu cristatus
Zungaro jahu	Zungaro jahu	Zungaro jahu
Zungaropsis multimaculatus	Zungaropsis multimaculatus	Zungaropsis multimaculatus
